start_date,end_date,party1_iso,party2_iso,death_toll,place
1991-10-10,1991-10-10,ET,IGLF,100,ET
1990-06-28,1991-11-09,ML,FPLA,59,ML
1964-01-03,1965-12-31,CD,APCLS,136,CD
1964-01-03,1965-12-31,CD,APCLS,29,CD
1964-01-03,1965-12-31,CD,APCLS,48,CD
1964-01-03,1965-12-31,CD,APCLS,147,CD
1987-12-31,1993-11-27,TR,TAK,160,TR
2002-09-19,2004-11-09,CI,FDSI-CI,50,CI
1948-03-15,1948-03-15,YE,Ansarallah,746,YE
1948-03-15,1948-03-15,YE,Ansarallah,35,YE
1980-01-27,1980-01-28,TN,AQIM,29,TN
1980-01-27,1980-01-28,TN,AQIM,50,TN
1980-01-27,1980-01-28,TN,AQIM,27,TN
2011-02-28,2011-11-23,LY,Forces of Muammar Gaddafi,713,LY
1990-02-11,1990-02-11,PK,IMU,159,PK
1994-04-24,2006-12-22,BD,PBCP,32,BD
1948-02-29,1988-12-31,MM,CNF,68,"IN,"
1991-12-31,1991-12-31,MM,NSCN-K,150,MM
1991-12-31,1991-12-31,MM,NSCN-K,33,MM
1991-12-31,1991-12-31,MM,NSCN-K,43,"IN,"
1991-12-31,1991-12-31,MM,NSCN-K,62,MM
1991-12-31,1991-12-31,MM,NSCN-K,38,MM
1991-12-31,1991-12-31,MM,NSCN-K,92,MM
1991-12-31,1991-12-31,MM,NSCN-K,215,MM
2001-10-07,2001-11-13,AF,"GB, Government of United States of America",1397,AF
1970-08-20,1990-08-02,PH,BIFM,35,PH
1970-08-20,1990-08-02,PH,BIFM,62,PH
1970-08-20,1990-08-02,PH,BIFM,138,PH
1970-08-20,1990-08-02,PH,BIFM,178,PH
1970-08-20,1990-08-02,PH,BIFM,71,PH
1979-07-09,1988-08-12,IN,NLFT-B,26,IN
1990-02-11,1990-02-11,PK,Lashkar-e-Islam,335,PK
1990-02-11,1990-02-11,PK,Lashkar-e-Islam,72,PK
1990-02-11,1990-02-11,PK,Lashkar-e-Islam,334,PK
1990-02-11,1990-02-11,PK,Lashkar-e-Islam,99,PK
1990-02-11,1990-02-11,PK,Lashkar-e-Islam,136,PK
1964-01-03,1965-12-31,CD,CNPSC,82,CD
1964-01-03,1965-12-31,CD,CNPSC,43,CD
1964-01-03,1965-12-31,CD,CNPSC,57,CD
1964-01-03,1965-12-31,CD,CNPSC,242,CD
1964-01-03,1965-12-31,CD,CNPSC,302,CD
1964-01-03,1965-12-31,CD,CNPSC,75,CD
1964-01-03,1965-12-31,CD,CNPSC,90,CD
1964-01-03,1965-12-31,CD,CNPSC,92,CD
1964-01-03,1965-12-31,CD,CNPSC,41,CD
1948-01-31,1961-11-15,MM,ULA,27,MM
1948-01-31,1961-11-15,MM,ULA,480,MM
1948-01-31,1961-11-15,MM,ULA,170,"BD,"
1948-01-31,1961-11-15,MM,ULA,134,"BD,"
1948-01-31,1961-11-15,MM,ULA,80,MM
1948-01-31,1961-11-15,MM,ULA,515,"BD,"
1990-02-11,1990-02-11,PK,TTP - TA,30,PK
1973-05-18,1977-07-05,PK,UBA,35,PK
2016-07-18,2018-11-05,SO,Republic of Somaliland,121,SO
1965-10-18,1965-10-19,BI,FNL-Ubugabo-Burihabwa,56,CD
1965-10-18,1965-10-19,BI,FNL-Ubugabo-Burihabwa,73,CD
2011-08-20,2021-12-27,SS,SSDM/A - Cobra Faction,76,SS
1948-05-01,1951-12-31,IN,CPI-ML-J,25,IN
1997-05-29,2012-12-21,IN,GNLA,27,IN
1997-05-29,2012-12-21,IN,GNLA,26,IN
1959-11-22,1970-12-31,MM,SSPP,141,MM
1959-11-22,1970-12-31,MM,SSPP,51,MM
1959-11-22,1970-12-31,MM,SSPP,77,MM
1966-02-23,1966-02-23,SY,Syrian insurgents,1203,SY
1966-02-23,1966-02-23,SY,Syrian insurgents,50444,"SY,"
1966-02-23,1966-02-23,SY,Syrian insurgents,70516,"IQ,,"
1966-02-23,1966-02-23,SY,Syrian insurgents,57957,"LB,"
1966-02-23,1966-02-23,SY,Syrian insurgents,39715,"JO,"
1966-02-23,1966-02-23,SY,Syrian insurgents,32595,SY
1966-02-23,1966-02-23,SY,Syrian insurgents,12206,"LB,"
1966-02-23,1966-02-23,SY,Syrian insurgents,8690,SY
1966-02-23,1966-02-23,SY,Syrian insurgents,6856,SY
1966-02-23,1966-02-23,SY,Syrian insurgents,3513,"RU,"
1966-02-23,1966-02-23,SY,Syrian insurgents,676,SY
1966-02-23,1966-02-23,SY,Syrian insurgents,563,SY
1966-02-23,1966-02-23,SY,Syrian insurgents,1001,SY
1966-02-23,1966-02-23,SY,Syrian insurgents,1459,SY
1971-07-22,1971-07-22,SD,SPLM/A-North,190,"ET,"
1971-07-22,1971-07-22,SD,SPLM/A-North,42,"SS,"
1971-07-22,1971-07-22,SD,SPLM/A-North,486,SD
1971-07-22,1971-07-22,SD,SPLM/A-North,50,SD
1971-07-22,1971-07-22,SD,SSLM/A,320,SD
2011-05-01,2011-06-15,SD,Republic of South Sudan,145,SD
2011-08-20,2021-12-27,SS,SSDM/A,105,SS
2011-08-20,2021-12-27,SS,SSLM/A,111,SS
2011-08-20,2021-12-27,SS,SSLM/A,137,SS
2011-02-28,2011-11-23,LY,NTC,3049,LY
1964-01-03,1965-12-31,CD,M23,658,"CD,"
1964-01-03,1965-12-31,CD,M23,1152,"CD,"
1964-01-03,1965-12-31,CD,M23,28,CD
1964-01-03,1965-12-31,CD,M23,33,CD
1964-01-03,1965-12-31,CD,M23,385,"CD,"
1964-01-03,1965-12-31,CD,M23,202,CD
1985-08-27,2018-11-19,DZ,MUJAO,25,DZ
1990-06-28,1991-11-09,ML,CMA,131,ML
1990-06-28,1991-11-09,ML,CMA,94,ML
1990-06-28,1991-11-09,ML,CMA,54,ML
2009-06-10,2009-07-16,ML,Ansar Dine,60,ML
2009-06-10,2009-07-16,ML,Ansar Dine,133,ML
2009-06-10,2009-07-16,ML,Ansar Dine,36,ML
2009-06-10,2009-07-16,ML,Ansar Dine,71,ML
2009-06-10,2009-07-16,ML,Military faction (Red Berets),27,ML
1971-07-22,1971-07-22,SD,SRF,67,SD
1971-07-22,1971-07-22,SD,SRF,1173,SD
1971-07-22,1971-07-22,SD,SRF,594,SD
1971-07-22,1971-07-22,SD,SRF,489,"SS,"
1971-07-22,1971-07-22,SD,SRF,1169,"SS,"
1971-07-22,1971-07-22,SD,SRF,823,SD
1971-07-22,1971-07-22,SD,SRF,65,SD
2012-03-27,2012-12-26,SS,SD,367,"SS,"
1990-04-05,2008-08-29,CN,ETIM,36,CN
1994-04-24,2006-12-22,BD,PBCP-J,30,BD
1994-04-24,2006-12-22,BD,PBCP-J,57,BD
1961-10-27,1962-12-28,CD,Kata Katanga,94,CD
1961-10-27,1962-12-28,CD,Kata Katanga,60,CD
1961-10-27,1962-12-28,CD,Kata Katanga,54,CD
1990-10-01,1994-07-04,RW,FDLR-FOCA,2044,RW
1990-10-01,1994-07-04,RW,FDLR-FOCA,83,"BI,"
1990-10-01,1994-07-04,RW,FDLR-FOCA,1807,CD
1990-10-01,1994-07-04,RW,FDLR-FOCA,208,CD
1990-10-01,1994-07-04,RW,FDLR-FOCA,116,CD
1990-10-01,1994-07-04,RW,FDLR-FOCA,83,"CD,"
1990-10-01,1994-07-04,RW,FDLR-FOCA,136,CD
1990-10-01,1994-07-04,RW,FDLR-FOCA,60,CD
1990-10-01,1994-07-04,RW,FDLR-FOCA,52,CD
1990-10-01,1994-07-04,RW,FDLR-FOCA,25,CD
1990-10-01,1994-07-04,RW,FDLR-FOCA,132,CD
1990-10-01,1994-07-04,RW,FDLR-FOCA,44,CD
1960-12-17,1960-12-17,ET,Forces of Harar garrison,600,ET
2013-03-01,2013-04-24,MY,Sultanate of Sulu,70,"MY,"
1990-02-11,1990-02-11,PK,HGB,25,"AF,"
1990-02-11,1990-02-11,PK,HGB,113,"AF,"
1992-05-05,1998-11-16,TJ,PFT,419,TJ
1992-05-05,1998-11-16,TJ,Forces of Mullo Abdullo,46,TJ
1992-05-05,1998-11-16,TJ,Forces of Mullo Abdullo,32,TJ
2001-05-27,2002-12-19,CF,anti-Balaka,262,CF
2001-05-27,2002-12-19,CF,anti-Balaka,136,CF
2001-05-27,2002-12-19,CF,anti-Balaka,35,CF
2001-05-27,2002-12-19,CF,anti-Balaka,48,CF
2015-02-10,2015-10-10,CF,FPRC,27,CF
2011-08-20,2021-12-27,SS,SPLM/A - IO,850,SS
2011-08-20,2021-12-27,SS,SPLM/A - IO,1667,SS
2011-08-20,2021-12-27,SS,SPLM/A - IO,493,SS
2011-08-20,2021-12-27,SS,SPLM/A - IO,735,SS
2011-08-20,2021-12-27,SS,SPLM/A - IO,484,"SS,"
2011-08-20,2021-12-27,SS,SPLM/A - IO,526,SS
1960-01-31,1961-12-31,CM,JAS,712,CM
1960-01-31,1961-12-31,CM,JAS,32,CM
1960-01-31,1961-12-31,CM,JAS,63,CM
1960-01-31,1961-12-31,CM,JAS,28,CM
1960-01-31,1961-12-31,CM,JAS,31,CM
1960-01-31,1961-12-31,CM,JAS,113,CM
1960-01-31,1961-12-31,CM,JAS,63,CM
1964-01-03,1965-12-31,CD,Forces of Paul Joseph Mukungubila,92,CD
1981-10-08,1998-11-02,EG,Ansar Bayt al-Maqdis,184,EG
1972-08-13,1982-12-31,IR,Jaish al-Adl,31,IR
1972-08-13,1982-12-31,IR,Jaish al-Adl,34,IR
1972-08-13,1982-12-31,IR,Jaish al-Adl,113,"IR,"
2009-06-10,2009-07-16,ML,MUJAO,333,"ML,"
2009-06-10,2009-07-16,ML,AQIM,87,ML
2009-06-10,2009-07-16,ML,AQIM,305,ML
2009-06-10,2009-07-16,ML,AQIM,47,ML
2009-06-10,2009-07-16,ML,AQIM,38,ML
2009-06-10,2009-07-16,ML,AQIM,26,ML
2009-06-10,2009-07-16,ML,AQIM,66,ML
2009-06-10,2009-07-16,ML,Signed-in-Blood Battalion,65,"ML,"
2009-06-10,2009-07-16,ML,al-Murabitun,48,ML
2011-09-10,2015-07-25,SY,PYD,46,SY
2011-09-10,2015-07-25,SY,PYD,78,SY
2011-09-10,2015-07-25,SY,PYD,52,SY
2011-09-10,2015-07-25,SY,PYD,84,SY
1958-07-14,1959-03-10,IQ,al-Mahdi Army,1258,IQ
1958-07-14,1959-03-10,IQ,al-Mahdi Army,371,IQ
1958-07-14,1959-03-10,IQ,al-Mahdi Army,866,IQ
2011-02-28,2011-11-23,LY,Forces of the House of Representatives,131,LY
2011-02-28,2011-11-23,LY,Forces of the House of Representatives,156,LY
2011-02-28,2011-11-23,LY,Forces of the House of Representatives,166,LY
2011-02-28,2011-11-23,LY,Forces of the House of Representatives,1588,LY
2011-02-28,2011-11-23,LY,Forces of the House of Representatives,668,LY
2014-01-22,2014-02-21,UA,Maidan,88,UA
1989-02-16,1990-12-31,IN,NDFB-S,28,IN
1989-02-16,1990-12-31,IN,NDFB-S,39,IN
2014-04-08,2014-09-15,UA,DPR,2276,UA
1971-07-22,1971-07-22,SD,SARC,111,SD
1971-07-22,1971-07-22,SD,SARC,45,SD
1971-07-22,1971-07-22,SD,Darfur Joint Resistance Forces,256,SD
1971-07-22,1971-07-22,SD,Darfur Joint Resistance Forces,53,SD
2014-05-04,2014-09-17,UA,LPR,1072,"RU,"
2014-08-09,2022-02-25,UA,United Armed Forces of Novorossiya,1459,UA
2014-08-09,2022-02-25,UA,United Armed Forces of Novorossiya,1401,UA
1990-02-11,1990-02-11,PK,Jamaat-ul-Ahrar,36,PK
2014-07-10,2022-09-18,KG,TJ,56,"KG,"
2014-07-10,2022-09-18,KG,TJ,150,"KG,"
2014-06-25,2015-12-15,LB,IS,126,LB
2014-06-25,2015-12-15,LB,IS,76,LB
2014-06-25,2015-12-15,LB,IS,70,LB
2011-02-28,2011-11-23,LY,Zintan Military Council,143,LY
1948-02-29,1988-12-31,MM,PSLF,29,MM
1948-02-29,1988-12-31,MM,PSLF,37,MM
1948-02-29,1988-12-31,MM,PSLF,106,MM
1948-02-29,1988-12-31,MM,PSLF,46,MM
1948-02-29,1988-12-31,MM,PSLF,46,MM
1948-02-29,1988-12-31,MM,PSLF,49,MM
1948-02-29,1988-12-31,MM,PSLF,44,MM
1948-02-29,1988-12-31,MM,PSLF,216,MM
1948-02-29,1988-12-31,MM,PSLF,241,MM
2016-02-12,2019-10-28,PK,IS,68,PK
2016-02-12,2019-10-28,PK,IS,80,PK
2016-02-12,2019-10-28,PK,IS,51,PK
2016-02-12,2019-10-28,PK,IS,29,PK
2016-02-12,2019-10-28,PK,IS,26,PK
2016-02-12,2019-10-28,PK,IS,29,"AF,"
2016-02-12,2019-10-28,PK,IS,86,PK
1989-12-17,1989-12-29,RO,Military faction (forces of Nicolae Ceausescu),53,RO
1965-10-18,1965-10-19,BI,Military faction (forces of Godefroid Niyombare),46,BI
1948-03-15,1948-03-15,YE,Forces of the Presidential Leadership Council,7338,"SA,"
1948-03-15,1948-03-15,YE,Forces of the Presidential Leadership Council,3101,"SA,"
1948-03-15,1948-03-15,YE,Forces of the Presidential Leadership Council,2799,"SA,"
1948-03-15,1948-03-15,YE,Forces of the Presidential Leadership Council,4615,"SA,"
1948-03-15,1948-03-15,YE,Forces of the Presidential Leadership Council,2634,"SA,"
1948-03-15,1948-03-15,YE,Forces of the Presidential Leadership Council,6260,"SA,"
1948-03-15,1948-03-15,YE,Forces of the Presidential Leadership Council,23357,"SA,"
1948-03-15,1948-03-15,YE,Forces of the Presidential Leadership Council,2920,"AE,"
1948-03-15,1948-03-15,YE,Forces of the Presidential Leadership Council,804,"SA,"
1948-03-15,1948-03-15,YE,Forces of the Presidential Leadership Council,779,YE
2015-03-20,2015-10-06,YE,IS,283,YE
2015-03-20,2015-10-06,YE,IS,26,YE
2015-03-20,2015-10-06,YE,IS,33,YE
2015-01-05,2015-10-28,ML,FLM,44,ML
2015-03-21,2020-12-28,RU,IS,55,RU
2015-03-21,2020-12-28,RU,IS,69,RU
2015-03-21,2020-12-28,RU,IS,53,RU
2015-03-21,2020-12-28,RU,IS,30,RU
2015-03-21,2020-12-28,RU,IS,26,RU
2015-03-21,2020-12-28,RU,IS,30,RU
2015-03-21,2020-12-28,RU,IS,53,RU
1967-07-06,1970-01-12,NG,IPOB,129,NG
1967-07-06,1970-01-12,NG,IPOB,83,NG
1967-07-06,1970-01-12,NG,IPOB,116,NG
1967-07-06,1970-01-12,NG,IPOB,197,NG
1965-10-18,1965-10-19,BI,FPB,96,BI
2015-03-19,2016-10-06,CM,IS,283,"CM,"
2015-03-19,2016-10-06,CM,IS,189,"CM,"
2015-03-19,2016-10-06,CM,IS,135,CM
2015-03-19,2016-10-06,CM,IS,62,CM
2015-03-19,2016-10-06,CM,IS,53,CM
2015-05-27,2015-11-01,TD,IS,272,TD
2015-05-27,2015-11-01,TD,IS,57,TD
2015-05-27,2015-11-01,TD,IS,108,TD
2015-05-27,2015-11-01,TD,IS,144,TD
2015-05-27,2015-11-01,TD,IS,143,TD
2015-05-27,2015-11-01,TD,IS,55,TD
2015-05-27,2015-11-01,TD,IS,35,TD
2005-02-01,2022-12-30,EG,IS,767,EG
2005-02-01,2022-12-30,EG,IS,355,EG
2005-02-01,2022-12-30,EG,IS,394,EG
2005-02-01,2022-12-30,EG,IS,652,EG
2005-02-01,2022-12-30,EG,IS,589,EG
2005-02-01,2022-12-30,EG,IS,527,EG
2005-02-01,2022-12-30,EG,IS,112,EG
2005-02-01,2022-12-30,EG,IS,231,EG
2015-04-19,2018-12-03,IN,UNLFW,161,IN
2015-04-19,2018-12-03,IN,UNLFW,47,IN
2015-04-19,2018-12-03,IN,UNLFW,39,IN
2015-04-19,2018-12-03,IN,UNLFW,27,IN
2015-07-23,2017-09-06,TR,IS,26,"SY,"
2015-07-23,2017-09-06,TR,IS,1107,"IQ,,"
2015-07-23,2017-09-06,TR,IS,750,"SY,"
2015-11-04,2017-09-06,BD,IS,41,BD
2015-11-04,2017-09-06,BD,IS,47,BD
2016-03-02,2016-12-29,JO,IS,34,"JO,"
1980-01-27,1980-01-28,TN,JAK-T,32,TN
2015-03-14,2019-09-29,LY,IS,118,LY
2015-03-14,2019-09-29,LY,IS,1678,LY
2015-03-14,2019-09-29,LY,IS,96,LY
2015-03-14,2019-09-29,LY,IS,44,LY
2015-03-14,2019-09-29,LY,IS,43,LY
2015-03-18,2016-03-21,TN,IS,71,TN
2015-12-06,2016-11-28,SY,SDF,152,SY
2015-12-06,2016-11-28,SY,SDF,35,SY
2015-12-06,2016-11-28,SY,SDF,40,SY
2015-12-06,2016-11-28,SY,SDF,78,SY
1964-01-03,1965-12-31,CD,UPCP,33,CD
1965-10-18,1965-10-19,BI,RED-TABARA ,56,BI
1965-10-18,1965-10-19,BI,RED-TABARA ,43,BI
1965-10-18,1965-10-19,BI,RED-TABARA ,61,"BI,"
1965-10-18,1965-10-19,BI,RED-TABARA ,83,"BI,"
1965-10-18,1965-10-19,BI,RED-TABARA ,26,"BI,"
1965-10-18,1965-10-19,BI,RED-TABARA ,169,CD
1965-10-18,1965-10-19,BI,RED-TABARA ,93,"BI,"
1965-10-18,1965-10-19,BI,RED-TABARA ,60,"BI,"
2014-10-10,2015-05-20,DZ,IS,26,DZ
2016-08-15,2017-06-11,IR,IS,27,IR
1970-08-20,1990-08-02,PH,Maute group,30,PH
1964-01-03,1965-12-31,CD,Kamuina Nsapu,477,CD
1964-01-03,1965-12-31,CD,Kamuina Nsapu,2966,CD
1964-01-03,1965-12-31,CD,Kamuina Nsapu,57,CD
1981-10-08,1998-11-02,EG,Harakit Sawa'id Misr,55,EG
1981-10-08,1998-11-02,EG,Harakit Sawa'id Misr,28,EG
1981-10-08,1998-11-02,EG,Harakit Sawa'id Misr,48,EG
1987-12-31,1993-11-27,TR,Yurtta Sulh Konseyi,274,TR
1948-01-31,1961-11-15,MM,ARSA,86,MM
1948-01-31,1961-11-15,MM,ARSA,393,MM
2018-02-08,2021-12-19,SO,IS,33,SO
2018-02-08,2021-12-19,SO,IS,41,SO
2018-02-08,2021-12-19,SO,IS,53,SO
2018-02-08,2021-12-19,SO,IS,30,SO
2014-08-09,2022-02-25,UA,DPR,349,UA
2014-08-09,2022-02-25,UA,DPR,578,UA
2014-08-09,2022-02-25,UA,DPR,375,UA
2014-08-09,2022-02-25,UA,DPR,172,UA
2014-08-09,2022-02-25,UA,DPR,279,UA
2014-08-09,2022-02-25,UA,DPR,133,UA
2014-08-09,2022-02-25,UA,DPR,168,UA
2014-08-09,2022-02-25,UA,DPR,43,UA
2014-08-09,2022-02-25,UA,LPR,140,UA
2014-08-09,2022-02-25,UA,LPR,119,UA
2014-08-09,2022-02-25,UA,LPR,72,UA
2014-08-09,2022-02-25,UA,LPR,71,UA
2014-08-09,2022-02-25,UA,LPR,32,UA
2014-08-09,2022-02-25,UA,LPR,63,UA
2014-08-09,2022-02-25,UA,LPR,40,UA
2009-06-10,2009-07-16,ML,JNIM,246,ML
2009-06-10,2009-07-16,ML,JNIM,402,ML
2009-06-10,2009-07-16,ML,JNIM,422,ML
2009-06-10,2009-07-16,ML,JNIM,520,ML
2009-06-10,2009-07-16,ML,JNIM,616,ML
2009-06-10,2009-07-16,ML,JNIM,1117,ML
2009-06-10,2009-07-16,ML,JNIM,886,ML
2009-06-10,2009-07-16,ML,JNIM,760,"ML,"
1964-01-03,1965-12-31,CD,MNR,73,CD
1991-10-25,1992-12-18,NE,JNIM,76,NE
1991-10-25,1992-12-18,NE,JNIM,165,NE
1991-10-25,1992-12-18,NE,JNIM,48,NE
1991-10-25,1992-12-18,NE,JNIM,440,NE
1987-10-15,1987-10-15,BF,JNIM,79,BF
1987-10-15,1987-10-15,BF,JNIM,271,BF
1987-10-15,1987-10-15,BF,JNIM,352,BF
1987-10-15,1987-10-15,BF,JNIM,821,BF
1987-10-15,1987-10-15,BF,JNIM,1691,BF
1987-10-15,1987-10-15,BF,JNIM,3791,BF
1987-10-15,1987-10-15,BF,JNIM,2136,BF
2011-08-20,2021-12-27,SS,NAS,110,SS
2011-08-20,2021-12-27,SS,NAS,58,SS
2011-08-20,2021-12-27,SS,NAS,35,SS
2011-02-28,2011-11-23,LY,Forces of Khalifa al-Ghawil,72,LY
1981-10-08,1998-11-02,EG,Jama'at Ansar al-Islam,48,EG
1948-03-15,1948-03-15,YE,GPC,235,YE
2011-02-28,2011-11-23,LY,PFLL,70,LY
1964-01-03,1965-12-31,CD,UPLC,41,CD
1964-01-03,1965-12-31,CD,UPLC,37,CD
1964-01-03,1965-12-31,CD,CMC,39,CD
1964-01-03,1965-12-31,CD,CMC,67,CD
1964-01-03,1965-12-31,CD,CMC,86,CD
1964-01-03,1965-12-31,CD,CMC,92,CD
1970-08-20,1990-08-02,PH,al-Harakat al-Islamiyah,57,PH
1970-08-20,1990-08-02,PH,BIFM-K,27,PH
1977-12-31,1992-10-19,MZ,ASWJ,51,MZ
1977-12-31,1992-10-19,MZ,ASWJ,97,MZ
2011-02-28,2011-11-23,LY,ASL,31,LY
1990-10-01,1994-07-04,RW,FDLR-RUD,35,"CD,"
1990-10-01,1994-07-04,RW,FDLR-RUD,30,CD
1964-12-31,2016-12-29,CO,EPL - Megateo,38,CO
1964-12-31,2016-12-29,CO,EPL - Megateo,37,CO
1964-12-31,2016-12-29,CO,EPL - Megateo,26,CO
2001-05-27,2002-12-19,CF,UPC,55,CF
2001-05-27,2002-12-19,CF,UPC,51,CF
2001-05-27,2002-12-19,CF,UPC,26,CF
2001-05-27,2002-12-19,CF,UPC,175,CF
2018-07-30,2019-11-06,TJ,IS,52,TJ
2018-07-30,2019-11-06,TJ,IS,49,TJ
1966-07-31,1972-11-24,TD,CCMSR,42,TD
1966-07-31,1972-11-24,TD,CCMSR,53,TD
1966-07-31,1972-11-24,TD,CCMSR,61,TD
1967-04-30,1975-04-17,KH,Forces of Norodom Ranariddh,233,KH
1967-04-30,1975-04-17,KH,Forces of Norodom Ranariddh,119,KH
1967-04-30,1975-04-17,KH,Military faction (Forces of Hun Sen),65,KH
1989-08-04,1992-12-31,AO,FLEC-FAC-TN,25,AO
1989-08-04,1992-12-31,AO,FLEC-FAC-TN,25,AO
1989-08-04,1992-12-31,AO,FLEC-FAC-TN,25,"AO,,"
1989-08-04,1992-12-31,AO,FLEC-FAC-TN,25,"AO,,"
1989-08-04,1992-12-31,AO,FLEC-FAC-TN,25,"AO,,"
1989-08-04,1992-12-31,AO,FLEC-FAC-TN,25,"AO,"
2019-06-22,2019-06-24,ET,Military faction (forces of Asaminew Tsige),27,ET
1990-10-01,1994-07-04,RW,RMDC,131,CD
1990-10-01,1994-07-04,RW,RMDC,52,CD
1964-01-03,1965-12-31,CD,Mayi Mayi Kyandenga,32,CD
2015-02-10,2015-10-10,CF,MPC,31,CF
1973-05-18,1977-07-05,PK,BRAS,37,PK
1973-05-18,1977-07-05,PK,BRAS,120,PK
1973-05-18,1977-07-05,PK,BRAS,129,PK
1973-05-18,1977-07-05,PK,BRAS,154,PK
1973-05-18,1977-07-05,PK,BRAS,110,PK
1973-05-18,1977-07-05,PK,BRAS,300,"IR,"
1974-08-31,1978-12-31,ET,OLA,40,ET
1974-08-31,1978-12-31,ET,OLA,28,ET
1974-08-31,1978-12-31,ET,OLA,283,ET
1974-08-31,1978-12-31,ET,OLA,766,"ET,"
1974-08-31,1978-12-31,ET,OLA,464,ET
1974-08-31,1978-12-31,ET,OLA,685,ET
1964-01-03,1965-12-31,CD,RNL,34,CD
1964-01-03,1965-12-31,CD,RNL,29,CD
1964-01-03,1965-12-31,CD,RNL,37,CD
1964-01-03,1965-12-31,CD,RNL,47,CD
2020-10-14,2020-10-28,TZ,IS,25,TZ
2001-05-27,2002-12-19,CF,CPC,31,CF
2001-05-27,2002-12-19,CF,CPC,731,CF
2001-05-27,2002-12-19,CF,CPC,675,CF
2001-05-27,2002-12-19,CF,CPC,230,CF
2001-05-27,2002-12-19,CF,CPC,177,CF
1966-07-31,1972-11-24,TD,FACT,431,TD
1948-02-29,1988-12-31,MM,NUG,684,MM
1948-02-29,1988-12-31,MM,NUG,1269,MM
1948-02-29,1988-12-31,MM,NUG,1398,MM
1948-02-29,1988-12-31,MM,NUG,967,MM
1964-01-03,1965-12-31,CD,FABB,39,CD
1987-12-31,1993-11-27,TR,TKP-ML,30,TR
1960-12-17,1960-12-17,ET,GLF,39,ET
2021-06-01,2022-12-27,UG,IS,25,UG
1986-09-23,1986-09-24,TG,JNIM,34,TG
1986-09-23,1986-09-24,TG,JNIM,29,TG
1986-09-23,1986-09-24,TG,JNIM,46,TG
2011-08-20,2021-12-27,SS,SPLM/A - IO - Kitgwang,153,SS
1964-12-31,2016-12-29,CO,FARC-EMC,76,CO
1964-12-31,2016-12-29,CO,FARC-EMC,51,"CO,"
1964-12-31,2016-12-29,CO,FARC-EMC,28,"CO,"
1964-12-31,2016-12-29,CO,FARC-EMC,65,CO
1964-12-31,2016-12-29,CO,FARC-EMC,88,CO
1964-12-31,2016-12-29,CO,FARC-EMC,44,CO
1964-12-31,2016-12-29,CO,FARC-EMC,128,CO
1964-12-31,2016-12-29,CO,FARC - Segunda Marquetalia ,31,CO
1971-07-22,1971-07-22,SD,RSF,5303,SD
1971-07-22,1971-07-22,SD,RSF,4684,"LY,,"
1991-08-20,1993-10-05,RU,RDK,27,RU
1991-08-20,1993-10-05,RU,LSR,43,RU
1991-08-20,1993-10-05,RU,LSR,28,RU
1991-08-20,1993-10-05,RU,Wagner,27,RU
1990-02-11,1990-02-11,PK,TJP,95,PK
1964-01-03,1965-12-31,CD,AFC,904,"CD,"
1948-02-29,1988-12-31,MM,PNLO,36,MM
1989-04-03,1989-04-08,HT,Viv Ansanm,193,HT
1946-05-31,1946-12-16,IR,KDPI,31,IR
1946-05-31,1946-12-16,IR,KDPI,110,"IR,"
1946-05-31,1946-12-16,IR,KDPI,27,"IR,"
1946-05-31,1946-12-16,IR,KDPI,30,"IR,"
1946-05-31,1946-12-16,IR,KDPI,44,"IR,"
1946-07-31,1954-12-31,PH,CPP,725,PH
1946-07-31,1954-12-31,PH,CPP,1140,PH
1946-07-31,1954-12-31,PH,CPP,1514,PH
1946-07-31,1954-12-31,PH,CPP,430,PH
1946-07-31,1954-12-31,PH,CPP,99,PH
1946-07-31,1954-12-31,PH,CPP,69,PH
1946-07-31,1954-12-31,PH,CPP,36,PH
1946-07-31,1954-12-31,PH,CPP,32,PH
1946-07-31,1954-12-31,PH,CPP,93,PH
1946-07-31,1954-12-31,PH,CPP,140,PH
1946-07-31,1954-12-31,PH,CPP,142,PH
1946-07-31,1954-12-31,PH,CPP,280,PH
1946-07-31,1954-12-31,PH,CPP,231,PH
1946-07-31,1954-12-31,PH,CPP,270,PH
1946-07-31,1954-12-31,PH,CPP,234,PH
1946-07-31,1954-12-31,PH,CPP,310,PH
1946-07-31,1954-12-31,PH,CPP,132,PH
1946-07-31,1954-12-31,PH,CPP,184,PH
1946-07-31,1954-12-31,PH,CPP,377,PH
1946-07-31,1954-12-31,PH,CPP,258,PH
1946-07-31,1954-12-31,PH,CPP,204,PH
1946-07-31,1954-12-31,PH,CPP,182,PH
1946-07-31,1954-12-31,PH,CPP,165,PH
1946-07-31,1954-12-31,PH,CPP,190,PH
1946-07-31,1954-12-31,PH,CPP,168,PH
1946-07-31,1954-12-31,PH,CPP,92,PH
1946-07-31,1954-12-31,PH,CPP,177,PH
1946-07-31,1954-12-31,PH,CPP,144,PH
1946-07-31,1954-12-31,PH,CPP,138,PH
1946-07-31,1954-12-31,PH,CPP,165,PH
1946-07-31,1954-12-31,PH,CPP,195,PH
1946-07-31,1954-12-31,PH,CPP,166,PH
1946-07-31,1954-12-31,PH,CPP,164,PH
1946-07-31,1954-12-31,PH,CPP,133,PH
1946-07-31,1954-12-31,PH,Military faction (forces of Honasan,97,PH
1946-07-31,1954-12-31,PH,Military faction (forces of Honasan,35,PH
1948-12-31,1948-12-31,IN,PK,25,IN
1948-12-31,1948-12-31,IN,PK,28,"IN,"
1948-12-31,1948-12-31,IN,PK,99,"IN,"
1948-12-31,1948-12-31,IN,PK,25,IN
1948-12-31,1948-12-31,IN,PK,42,"IN,"
1948-12-31,1948-12-31,IN,PK,35,"IN,"
1948-12-31,1948-12-31,IN,PK,127,"IN,"
1948-12-31,1948-12-31,IN,PK,147,"IN,"
1948-12-31,1948-12-31,IN,PK,934,"IN,"
1948-12-31,1948-12-31,IN,PK,225,"IN,"
1948-12-31,1948-12-31,IN,PK,48,"IN,"
1948-12-31,1948-12-31,IN,PK,212,"IN,"
1948-12-31,1948-12-31,IN,PK,237,"IN,"
1948-12-31,1948-12-31,IN,PK,31,"IN,"
1948-12-31,1948-12-31,IN,PK,49,"IN,"
1948-12-31,1948-12-31,IN,PK,63,"IN,"
1948-12-31,1948-12-31,IN,PK,100,"IN,"
1948-12-31,1948-12-31,IN,PK,151,"IN,"
1948-12-31,1948-12-31,IN,PK,129,"IN,"
1948-12-31,1948-12-31,IN,PK,164,"IN,"
1948-12-31,1948-12-31,IN,PK,162,"IN,"
1947-03-07,1947-08-21,PY,Military faction (forces of Andres Rodriguez),150,PY
1948-12-31,1992-11-22,MM,KNU,1304,MM
1948-12-31,1992-11-22,MM,KNU,393,"MM,"
1948-12-31,1992-11-22,MM,KNU,552,MM
1948-12-31,1992-11-22,MM,KNU,1163,MM
1948-12-31,1992-11-22,MM,KNU,25,MM
1948-12-31,1992-11-22,MM,KNU,110,MM
1948-12-31,1992-11-22,MM,KNU,41,MM
1948-12-31,1992-11-22,MM,KNU,36,MM
1948-12-31,1992-11-22,MM,KNU,68,"MM,"
1948-12-31,1992-11-22,MM,KNU,36,"MM,"
1948-12-31,1992-11-22,MM,KNU,110,MM
1948-12-31,1992-11-22,MM,KNU,38,MM
1948-12-31,1992-11-22,MM,KNU,27,MM
1948-12-31,1992-11-22,MM,KNU,42,MM
1948-12-31,1992-11-22,MM,KNU,104,MM
1948-12-31,1992-11-22,MM,KNU,104,MM
1948-12-31,1992-11-22,MM,KNU,33,"MM,"
1948-12-31,1992-11-22,MM,KNU,63,MM
1948-12-31,1992-11-22,MM,KNU,63,"MM,"
1948-12-31,1992-11-22,MM,KNU,219,MM
1948-12-31,1992-11-22,MM,KNU,78,MM
1948-12-31,1992-11-22,MM,KNU,241,MM
1948-12-31,1992-11-22,MM,KNU,189,MM
1948-12-31,1992-11-22,MM,KNU,165,MM
1948-12-31,1992-11-22,MM,God's Army,46,MM
1948-12-31,1992-11-22,MM,DKBA 5,58,MM
1948-12-31,1992-11-22,MM,DKBA 5,115,MM
1948-12-31,1992-11-22,MM,DKBA 5,41,MM
1948-02-29,1988-12-31,MM,ABSDF,25,MM
1948-02-29,1988-12-31,MM,ABSDF,25,MM
1948-02-29,1988-12-31,MM,ABSDF,25,MM
1948-02-29,1988-12-31,MM,ABSDF,25,MM
1948-01-31,1961-11-15,MM,RSO,25,MM
1948-01-31,1961-11-15,MM,RSO,109,MM
1948-12-31,1963-12-31,MM,NMSP,112,MM
1948-12-31,1963-12-31,MM,BMA,80,MM
1948-05-01,1951-12-31,IN,PWG,78,IN
1948-05-01,1951-12-31,IN,PWG,322,IN
1948-05-01,1951-12-31,IN,PWG,182,IN
1948-05-01,1951-12-31,IN,PWG,68,IN
1948-05-01,1951-12-31,IN,PWG,173,IN
1948-05-01,1951-12-31,IN,PWG,84,IN
1948-05-01,1951-12-31,IN,PWG,99,IN
1948-05-01,1951-12-31,IN,PWG,91,IN
1948-05-01,1951-12-31,IN,PWG,146,IN
1948-05-01,1951-12-31,IN,PWG,108,IN
1948-05-01,1951-12-31,IN,PWG,122,IN
1948-05-01,1951-12-31,IN,PWG,66,IN
1948-05-01,1951-12-31,IN,PWG,27,IN
1948-05-01,1951-12-31,IN,MCC,35,IN
1948-05-01,1951-12-31,IN,MCC,25,IN
1948-05-01,1951-12-31,IN,MCC,65,IN
1948-05-01,1951-12-31,IN,MCC,57,IN
1948-05-01,1951-12-31,IN,MCC,33,IN
1948-05-01,1951-12-31,IN,MCC,44,IN
1948-05-01,1951-12-31,IN,CPI-Maoist,199,IN
1948-05-01,1951-12-31,IN,CPI-Maoist,546,IN
1948-05-01,1951-12-31,IN,CPI-Maoist,377,IN
1948-05-01,1951-12-31,IN,CPI-Maoist,384,IN
1948-05-01,1951-12-31,IN,CPI-Maoist,522,IN
1948-05-01,1951-12-31,IN,CPI-Maoist,569,IN
1948-05-01,1951-12-31,IN,CPI-Maoist,299,IN
1948-05-01,1951-12-31,IN,CPI-Maoist,245,IN
1948-05-01,1951-12-31,IN,CPI-Maoist,215,IN
1948-05-01,1951-12-31,IN,CPI-Maoist,198,IN
1948-05-01,1951-12-31,IN,CPI-Maoist,146,IN
1948-05-01,1951-12-31,IN,CPI-Maoist,268,IN
1948-05-01,1951-12-31,IN,CPI-Maoist,245,IN
1948-05-01,1951-12-31,IN,CPI-Maoist,309,IN
1948-05-01,1951-12-31,IN,CPI-Maoist,216,IN
1948-05-01,1951-12-31,IN,CPI-Maoist,153,IN
1948-05-01,1951-12-31,IN,CPI-Maoist,181,IN
1948-05-01,1951-12-31,IN,CPI-Maoist,75,IN
1948-05-01,1951-12-31,IN,CPI-Maoist,96,IN
1948-05-01,1951-12-31,IN,CPI-Maoist,325,IN
1948-03-15,1948-03-15,YE,AQAP,94,YE
1948-03-15,1948-03-15,YE,AQAP,175,YE
1948-03-15,1948-03-15,YE,AQAP,1143,YE
1948-03-15,1948-03-15,YE,AQAP,2366,YE
1948-03-15,1948-03-15,YE,AQAP,578,YE
1948-03-15,1948-03-15,YE,AQAP,1080,YE
1948-03-15,1948-03-15,YE,AQAP,145,YE
1948-03-15,1948-03-15,YE,AQAP,32,YE
1948-03-15,1948-03-15,YE,AQAP,130,YE
1948-03-15,1948-03-15,YE,AQAP,35,YE
1949-12-31,1950-05-05,MM,KIO,194,MM
1949-12-31,1950-05-05,MM,KIO,25,MM
1949-12-31,1950-05-05,MM,KIO,25,MM
1949-12-31,1950-05-05,MM,KIO,25,MM
1949-12-31,1950-05-05,MM,KIO,209,MM
1949-12-31,1950-05-05,MM,KIO,702,MM
1949-12-31,1950-05-05,MM,KIO,125,MM
1949-12-31,1950-05-05,MM,KIO,83,MM
1949-12-31,1950-05-05,MM,KIO,142,MM
1949-12-31,1950-05-05,MM,KIO,32,MM
1949-12-31,1950-05-05,MM,KIO,43,MM
1949-12-31,1950-05-05,MM,KIO,26,MM
1949-12-31,1950-05-05,MM,KIO,29,MM
1949-12-31,1950-05-05,MM,KIO,136,MM
1949-12-31,1950-05-05,MM,KIO,276,MM
1949-12-31,1950-05-05,MM,KIO,292,"CN,"
1949-12-31,1950-05-05,MM,KIO,283,MM
1949-07-18,1949-07-19,GT,URNG,82,GT
1949-07-18,1949-07-19,GT,URNG,83,GT
1949-07-18,1949-07-19,GT,URNG,72,GT
1949-07-18,1949-07-19,GT,URNG,67,GT
1949-07-18,1949-07-19,GT,URNG,58,GT
1949-07-18,1949-07-19,GT,URNG,37,GT
1949-07-18,1949-07-19,GT,URNG,27,GT
1948-05-15,1996-09-30,IL,PFLP,27,"IL,"
1948-05-15,1996-09-30,IL,PFLP,27,IL
1948-05-15,1996-09-30,IL,PFLP-GC,27,"IL,"
1948-05-15,1996-09-30,IL,Fatah,29,"IL,"
1948-05-15,1996-09-30,IL,Fatah,28,"IL,"
1948-05-15,1996-09-30,IL,Fatah,33,"FR,,"
1948-05-15,1996-09-30,IL,Fatah,30,IL
1948-05-15,1996-09-30,IL,Fatah,37,IL
1948-05-15,1996-09-30,IL,Fatah,62,IL
1948-05-15,1996-09-30,IL,Fatah,40,IL
1948-05-15,1996-09-30,IL,Fatah,72,IL
1948-05-15,1996-09-30,IL,Fatah,41,IL
1948-05-15,1996-09-30,IL,Fatah,29,IL
1948-05-15,1996-09-30,IL,Fatah,29,IL
1948-05-15,1996-09-30,IL,Fatah,50,"IL,"
1948-05-15,1996-09-30,IL,Hamas,47,IL
1948-05-15,1996-09-30,IL,Hamas,44,IL
1948-05-15,1996-09-30,IL,Hamas,79,IL
1948-05-15,1996-09-30,IL,Hamas,195,IL
1948-05-15,1996-09-30,IL,Hamas,220,IL
1948-05-15,1996-09-30,IL,Hamas,207,"IL,"
1948-05-15,1996-09-30,IL,Hamas,36,IL
1948-05-15,1996-09-30,IL,Hamas,186,IL
1948-05-15,1996-09-30,IL,Hamas,141,IL
1948-05-15,1996-09-30,IL,Hamas,606,IL
1948-05-15,1996-09-30,IL,Hamas,657,IL
1948-05-15,1996-09-30,IL,Hamas,35,IL
1948-05-15,1996-09-30,IL,Hamas,197,IL
1948-05-15,1996-09-30,IL,Hamas,2150,IL
1948-05-15,1996-09-30,IL,Hamas,53,IL
1948-05-15,1996-09-30,IL,Hamas,233,IL
1948-05-15,1996-09-30,IL,Hamas,26429,"IL,"
1948-05-15,1996-09-30,IL,Hamas,21130,"IR,,,,"
1948-05-15,1996-09-30,IL,PIJ,34,"IL,"
1948-05-15,1996-09-30,IL,PIJ,26,IL
1948-05-15,1996-09-30,IL,PIJ,107,IL
1948-05-15,1996-09-30,IL,PIJ,52,IL
1948-05-15,1996-09-30,IL,PIJ,71,IL
1948-05-15,1996-09-30,IL,PIJ,47,IL
1948-05-15,1996-09-30,IL,PIJ,104,"IL,"
1948-05-15,1996-09-30,IL,PIJ,94,IL
1948-05-15,1996-09-30,IL,PIJ,62,IL
1948-05-15,1996-09-30,IL,PIJ,39,IL
1948-05-15,1996-09-30,IL,PIJ,27,IL
1948-05-15,1996-09-30,IL,PIJ,43,IL
1948-05-15,1996-09-30,IL,PIJ,38,IL
1948-05-15,1996-09-30,IL,PIJ,228,IL
1948-05-15,1996-09-30,IL,PIJ,50,"IL,"
1948-05-15,1996-09-30,IL,PIJ,36,IL
1948-05-15,1996-09-30,IL,PIJ,55,IL
1948-05-15,1996-09-30,IL,PIJ,238,IL
1948-05-15,1996-09-30,IL,PIJ,285,"IL,,"
1948-05-15,1996-09-30,IL,PNA,66,IL
1948-05-15,1996-09-30,IL,PNA,47,IL
1948-05-15,1996-09-30,IL,PNA,75,IL
1948-05-15,1996-09-30,IL,PNA,116,IL
1948-05-15,1996-09-30,IL,AMB,133,IL
1948-05-15,1996-09-30,IL,AMB,36,IL
1948-05-15,1996-09-30,IL,AMB,108,IL
1948-05-15,1996-09-30,IL,PRC,45,IL
1955-07-20,1959-12-31,IN,NSCN-IM,47,IN
1955-07-20,1959-12-31,IN,NSCN-IM,92,IN
1955-07-20,1959-12-31,IN,NSCN-IM,60,IN
1955-07-20,1959-12-31,IN,NSCN-IM,95,IN
1955-07-20,1959-12-31,IN,NSCN-IM,40,IN
1955-07-20,1959-12-31,IN,NSCN-IM,37,IN
1955-07-20,1959-12-31,IN,NSCN-IM,30,IN
1957-12-31,1957-12-31,MM,KNPP,404,MM
1957-12-31,1957-12-31,MM,KNPP,124,MM
1957-12-31,1957-12-31,MM,KNPP,35,"MM,"
1957-12-31,1957-12-31,MM,KNPP,62,MM
1957-12-31,1957-12-31,MM,KNPP,74,MM
1957-12-31,1957-12-31,MM,KNPP,150,MM
1957-12-31,1957-12-31,MM,KNPP,28,MM
1958-07-14,1959-03-10,IQ,SCIRI,237,IQ
1958-07-14,1959-03-10,IQ,SCIRI,280,IQ
1958-07-14,1959-03-10,IQ,SCIRI,75,IQ
1958-07-14,1959-03-10,IQ,SCIRI,34,IQ
1958-07-14,1959-03-10,IQ,SCIRI,325,IQ
1958-07-14,1959-03-10,IQ,SCIRI,42,IQ
1958-07-14,1959-03-10,IQ,Ansar al-Islam,414,IQ
1958-07-14,1959-03-10,IQ,Ansar al-Islam,302,IQ
1958-07-14,1959-03-10,IQ,Ansar al-Islam,160,IQ
1958-07-14,1959-03-10,IQ,Ansar al-Islam,25,IQ
1958-07-14,1959-03-10,IQ,Ansar al-Islam,27,IQ
1958-07-14,1959-03-10,IQ,IS,2422,IQ
1958-07-14,1959-03-10,IQ,IS,2208,IQ
1958-07-14,1959-03-10,IQ,IS,3732,IQ
1958-07-14,1959-03-10,IQ,IS,1741,IQ
1958-07-14,1959-03-10,IQ,IS,1246,IQ
1958-07-14,1959-03-10,IQ,IS,1036,IQ
1958-07-14,1959-03-10,IQ,IS,989,IQ
1958-07-14,1959-03-10,IQ,IS,837,IQ
1958-07-14,1959-03-10,IQ,IS,565,IQ
1958-07-14,1959-03-10,IQ,IS,1870,"IQ,"
1958-07-14,1959-03-10,IQ,IS,13797,"IQ,"
1958-07-14,1959-03-10,IQ,IS,10982,"FR,,,"
1958-07-14,1959-03-10,IQ,IS,9775,"BE,,,"
1958-07-14,1959-03-10,IQ,IS,10012,"AF,,,,"
1958-07-14,1959-03-10,IQ,IS,866,"AU,,,,"
1958-07-14,1959-03-10,IQ,IS,498,"IQ,,"
1958-07-14,1959-03-10,IQ,IS,674,"IQ,"
1958-07-14,1959-03-10,IQ,IS,707,"AF,"
1958-07-14,1959-03-10,IQ,IS,340,IQ
1958-07-14,1959-03-10,IQ,IS,203,IQ
1958-07-14,1959-03-10,IQ,IS,217,IQ
1958-07-14,1959-03-10,IQ,RJF,98,IQ
1958-07-14,1959-03-10,IQ,RJF,31,IQ
1958-07-14,1959-03-10,IQ,RJF,75,IQ
1958-05-15,1958-07-31,LB,Forces of Michel Aoun,458,LB
1958-05-15,1958-07-31,LB,Forces of Michel Aoun,700,LB
1958-05-15,1958-07-31,LB,Lebanese Forces,253,LB
1959-11-12,1961-04-26,LA,LRM,30,LA
1959-11-12,1961-04-26,LA,LRM,249,LA
1959-11-22,1970-12-31,MM,MTA,130,MM
1959-11-22,1970-12-31,MM,MTA,526,MM
1959-11-22,1970-12-31,MM,MTA,174,MM
1959-11-22,1970-12-31,MM,RCSS,25,MM
1959-11-22,1970-12-31,MM,RCSS,152,MM
1959-11-22,1970-12-31,MM,RCSS,25,MM
1959-11-22,1970-12-31,MM,RCSS,25,MM
1959-11-22,1970-12-31,MM,RCSS,69,MM
1959-11-22,1970-12-31,MM,RCSS,117,"MM,"
1959-11-22,1970-12-31,MM,RCSS,184,"MM,"
1959-11-22,1970-12-31,MM,RCSS,27,MM
1959-11-22,1970-12-31,MM,RCSS,48,MM
1959-11-22,1970-12-31,MM,RCSS,29,MM
1959-11-22,1970-12-31,MM,RCSS,31,MM
1959-11-22,1970-12-31,MM,RCSS,52,MM
1959-11-22,1970-12-31,MM,RCSS,36,MM
1959-11-22,1970-12-31,MM,RCSS,29,MM
1959-11-22,1970-12-31,MM,RCSS,32,MM
1960-12-17,1960-12-17,ET,TPLF,20888,ET
1960-12-17,1960-12-17,ET,TPLF,124266,ET
1960-12-17,1960-12-17,ET,TPLF,162414,"ER,,"
1960-12-17,1960-12-17,ET,EPRDF,18366,ET
1960-12-17,1960-12-17,ET,EPRDF,18985,ET
1960-12-17,1960-12-17,ET,EPRDF,3918,ET
1960-12-17,1960-12-17,ET,Military faction (forces of Amsha Desta and Merid Negusie),37,ET
1960-02-29,1962-12-31,NP,CPN-M,44,NP
1960-02-29,1962-12-31,NP,CPN-M,40,NP
1960-02-29,1962-12-31,NP,CPN-M,250,NP
1960-02-29,1962-12-31,NP,CPN-M,156,NP
1960-02-29,1962-12-31,NP,CPN-M,268,NP
1960-02-29,1962-12-31,NP,CPN-M,429,NP
1960-02-29,1962-12-31,NP,CPN-M,3946,NP
1960-02-29,1962-12-31,NP,CPN-M,1341,NP
1960-02-29,1962-12-31,NP,CPN-M,1880,NP
1960-02-29,1962-12-31,NP,CPN-M,1104,NP
1960-02-29,1962-12-31,NP,CPN-M,457,NP
1945-08-30,1970-03-11,IQ,KDP,25,IQ
1945-08-30,1970-03-11,IQ,KDP,34,IQ
1945-08-30,1970-03-11,IQ,KDP,298,IQ
1945-08-30,1970-03-11,IQ,PUK,25,IQ
1945-08-30,1970-03-11,IQ,PUK,60,IQ
1945-08-30,1970-03-11,IQ,PUK,949,IQ
1945-08-30,1970-03-11,IQ,PUK,26,IQ
1945-08-30,1970-03-11,IQ,PUK,262,IQ
1945-08-30,1970-03-11,IQ,PUK,356,"IR,"
1959-08-31,1962-11-21,CN,IN,25,IN
1961-09-30,1991-05-31,ET,EPLF,5930,ET
1961-09-30,1991-05-31,ET,EPLF,30633,ET
1961-09-30,1991-05-31,ET,EPLF,6907,ET
1962-06-03,1962-12-31,VE,Military faction (forces of Hugo Ch√°vez) ,144,VE
1964-01-03,1965-12-31,CD,AFDL,1288,CD
1964-01-03,1965-12-31,CD,AFDL,4465,CD
1964-01-03,1965-12-31,CD,MLC,374,CD
1964-01-03,1965-12-31,CD,MLC,1807,CD
1964-01-03,1965-12-31,CD,MLC,389,CD
1964-01-03,1965-12-31,CD,RCD,2969,CD
1964-01-03,1965-12-31,CD,RCD,1146,CD
1964-01-03,1965-12-31,CD,RCD,905,CD
1964-01-03,1965-12-31,CD,RCD,454,CD
1964-01-03,1965-12-31,CD,CNDP,182,"CD,"
1964-01-03,1965-12-31,CD,CNDP,516,CD
1964-01-03,1965-12-31,CD,CNDP,486,CD
1965-10-18,1965-10-19,BI,Palipehutu,272,BI
1965-10-18,1965-10-19,BI,Palipehutu,61,BI
1965-10-18,1965-10-19,BI,CNDD,56,BI
1965-10-18,1965-10-19,BI,CNDD,332,BI
1965-10-18,1965-10-19,BI,CNDD,782,BI
1965-10-18,1965-10-19,BI,CNDD,795,BI
1965-10-18,1965-10-19,BI,CNDD,393,BI
1965-10-18,1965-10-19,BI,Frolina,187,BI
1965-10-18,1965-10-19,BI,Palipehutu-FNL,50,BI
1965-10-18,1965-10-19,BI,Palipehutu-FNL,205,BI
1965-10-18,1965-10-19,BI,Palipehutu-FNL,177,BI
1965-10-18,1965-10-19,BI,Palipehutu-FNL,286,BI
1965-10-18,1965-10-19,BI,Palipehutu-FNL,620,BI
1965-10-18,1965-10-19,BI,Palipehutu-FNL,567,BI
1965-10-18,1965-10-19,BI,Palipehutu-FNL,746,BI
1965-10-18,1965-10-19,BI,Palipehutu-FNL,540,BI
1965-10-18,1965-10-19,BI,Palipehutu-FNL,597,BI
1965-10-18,1965-10-19,BI,Palipehutu-FNL,433,BI
1965-10-18,1965-10-19,BI,Palipehutu-FNL,298,BI
1965-10-18,1965-10-19,BI,Palipehutu-FNL,141,BI
1965-10-18,1965-10-19,BI,Palipehutu-FNL,226,BI
1965-10-18,1965-10-19,BI,CNDD-FDD ,164,BI
1965-10-18,1965-10-19,BI,CNDD-FDD ,161,BI
1965-10-18,1965-10-19,BI,CNDD-FDD ,962,BI
1965-10-18,1965-10-19,BI,CNDD-FDD ,500,"BI,"
1965-10-18,1965-10-19,BI,CNDD-FDD ,753,"BI,"
1965-10-18,1965-10-19,BI,CNDD-FDD ,315,BI
1966-07-31,1972-11-24,TD,Islamic Legion,235,"TD,"
1966-07-31,1972-11-24,TD,Islamic Legion,252,TD
1966-07-31,1972-11-24,TD,MOSANAT,50,TD
1966-07-31,1972-11-24,TD,Revolutionary Forces of 1 April ,30,SD
1966-07-31,1972-11-24,TD,MPS,1100,"TD,"
1966-07-31,1972-11-24,TD,MDD,25,TD
1966-07-31,1972-11-24,TD,MDD,726,TD
1966-07-31,1972-11-24,TD,MDD,40,TD
1966-07-31,1972-11-24,TD,MDD,39,TD
1966-07-31,1972-11-24,TD,Military faction (forces of Maldoum Bada Abbas),43,TD
1966-07-31,1972-11-24,TD,CNR,115,TD
1966-07-31,1972-11-24,TD,CNR,25,TD
1966-07-31,1972-11-24,TD,CNR,25,TD
1966-07-31,1972-11-24,TD,CSNPD,33,TD
1966-07-31,1972-11-24,TD,CSNPD,30,TD
1966-07-31,1972-11-24,TD,CSNPD,100,TD
1966-07-31,1972-11-24,TD,FNT,25,TD
1966-07-31,1972-11-24,TD,FNT,25,TD
1966-07-31,1972-11-24,TD,FNT,31,TD
1966-07-31,1972-11-24,TD,FARF,58,TD
1966-07-31,1972-11-24,TD,FARF,34,TD
1966-07-31,1972-11-24,TD,MDJT,394,TD
1966-07-31,1972-11-24,TD,MDJT,989,TD
1966-07-31,1972-11-24,TD,MDJT,226,TD
1966-07-31,1972-11-24,TD,MDJT,294,TD
1966-07-31,1972-11-24,TD,MDJT,37,TD
1966-07-31,1972-11-24,TD,FUCD,100,TD
1966-07-31,1972-11-24,TD,FUCD,879,TD
1966-07-31,1972-11-24,TD,RAFD,32,TD
1966-07-31,1972-11-24,TD,UFDD,339,TD
1966-07-31,1972-11-24,TD,UFDD,69,TD
1966-07-31,1972-11-24,TD,AN ,991,TD
1966-07-31,1972-11-24,TD,UFR,131,TD
1966-07-31,1972-11-24,TD,FPRN,42,"TD,"
1964-12-31,2016-12-29,CO,FARC,63,CO
1964-12-31,2016-12-29,CO,FARC,351,CO
1964-12-31,2016-12-29,CO,FARC,666,CO
1964-12-31,2016-12-29,CO,FARC,1404,CO
1964-12-31,2016-12-29,CO,FARC,130,CO
1964-12-31,2016-12-29,CO,FARC,1082,CO
1964-12-31,2016-12-29,CO,FARC,770,CO
1964-12-31,2016-12-29,CO,FARC,885,CO
1964-12-31,2016-12-29,CO,FARC,442,CO
1964-12-31,2016-12-29,CO,FARC,876,CO
1964-12-31,2016-12-29,CO,FARC,1316,CO
1964-12-31,2016-12-29,CO,FARC,1543,CO
1964-12-31,2016-12-29,CO,FARC,1490,CO
1964-12-31,2016-12-29,CO,FARC,2942,CO
1964-12-31,2016-12-29,CO,FARC,1765,CO
1964-12-31,2016-12-29,CO,FARC,1074,CO
1964-12-31,2016-12-29,CO,FARC,1378,CO
1964-12-31,2016-12-29,CO,FARC,469,CO
1964-12-31,2016-12-29,CO,FARC,318,"CO,"
1964-12-31,2016-12-29,CO,FARC,250,"CO,"
1964-12-31,2016-12-29,CO,FARC,379,CO
1964-12-31,2016-12-29,CO,FARC,367,CO
1964-12-31,2016-12-29,CO,FARC,202,CO
1964-12-31,2016-12-29,CO,FARC,211,CO
1964-12-31,2016-12-29,CO,FARC,113,CO
1964-12-31,2016-12-29,CO,FARC,119,CO
1964-12-31,2016-12-29,CO,FARC,84,CO
1964-12-31,2016-12-29,CO,ELN,142,CO
1964-12-31,2016-12-29,CO,ELN,115,CO
1964-12-31,2016-12-29,CO,ELN,59,CO
1964-12-31,2016-12-29,CO,ELN,75,CO
1964-12-31,2016-12-29,CO,ELN,52,CO
1964-12-31,2016-12-29,CO,ELN,41,CO
1964-12-31,2016-12-29,CO,ELN,53,CO
1964-12-31,2016-12-29,CO,ELN,307,CO
1964-12-31,2016-12-29,CO,ELN,118,CO
1964-12-31,2016-12-29,CO,ELN,63,CO
1964-12-31,2016-12-29,CO,ELN,262,CO
1964-12-31,2016-12-29,CO,ELN,298,CO
1964-12-31,2016-12-29,CO,ELN,374,CO
1964-12-31,2016-12-29,CO,ELN,408,CO
1964-12-31,2016-12-29,CO,ELN,321,CO
1964-12-31,2016-12-29,CO,ELN,260,CO
1964-12-31,2016-12-29,CO,ELN,183,CO
1964-12-31,2016-12-29,CO,ELN,34,CO
1964-12-31,2016-12-29,CO,ELN,32,CO
1964-12-31,2016-12-29,CO,ELN,52,CO
1964-12-31,2016-12-29,CO,ELN,27,CO
1964-12-31,2016-12-29,CO,ELN,50,CO
1964-12-31,2016-12-29,CO,ELN,30,CO
1964-12-31,2016-12-29,CO,ELN,55,CO
1964-12-31,2016-12-29,CO,ELN,66,CO
1964-12-31,2016-12-29,CO,ELN,48,CO
1964-12-31,2016-12-29,CO,ELN,34,CO
1964-12-31,2016-12-29,CO,ELN,45,CO
1964-12-31,2016-12-29,CO,ELN,66,CO
1964-12-31,2016-12-29,CO,EPL,33,CO
1964-12-31,2016-12-29,CO,EPL,35,CO
1965-07-28,1965-12-31,ID,OPM,28,ID
1965-07-28,1965-12-31,ID,OPM,34,ID
1965-07-28,1965-12-31,ID,OPM,31,ID
1965-07-28,1965-12-31,ID,OPM,51,ID
1965-07-28,1965-12-31,ID,OPM,46,ID
1965-07-28,1965-12-31,ID,OPM,59,ID
1965-07-28,1965-12-31,ID,OPM,57,ID
1963-05-15,1965-12-31,PE,Sendero Luminoso,1650,PE
1963-05-15,1965-12-31,PE,Sendero Luminoso,1052,PE
1963-05-15,1965-12-31,PE,Sendero Luminoso,1050,PE
1963-05-15,1965-12-31,PE,Sendero Luminoso,981,PE
1963-05-15,1965-12-31,PE,Sendero Luminoso,612,PE
1963-05-15,1965-12-31,PE,Sendero Luminoso,253,PE
1963-05-15,1965-12-31,PE,Sendero Luminoso,178,PE
1963-05-15,1965-12-31,PE,Sendero Luminoso,80,PE
1963-05-15,1965-12-31,PE,Sendero Luminoso,93,PE
1963-05-15,1965-12-31,PE,Sendero Luminoso,25,PE
1963-05-15,1965-12-31,PE,Sendero Luminoso,75,PE
1963-05-15,1965-12-31,PE,Sendero Luminoso,32,PE
1963-05-15,1965-12-31,PE,Sendero Luminoso,40,PE
1963-05-15,1965-12-31,PE,Sendero Luminoso,50,PE
1963-05-15,1965-12-31,PE,Sendero Luminoso,28,PE
1963-05-15,1965-12-31,PE,MRTA,177,PE
1963-05-15,1965-12-31,PE,MRTA,47,PE
1963-05-15,1965-12-31,PE,MRTA,88,PE
1963-05-15,1965-12-31,PE,MRTA,61,PE
1963-05-15,1965-12-31,PE,MRTA,60,PE
1975-12-15,1978-12-31,KH,TH,29,"KH,"
1966-01-15,1966-07-29,NG,JAS,405,NG
1966-01-15,1966-07-29,NG,JAS,325,NG
1966-01-15,1966-07-29,NG,JAS,811,NG
1966-01-15,1966-07-29,NG,JAS,1629,NG
1966-01-15,1966-07-29,NG,JAS,4788,"CM,"
1966-01-15,1966-07-29,NG,JAS,2703,"TD,,"
1966-01-15,1966-07-29,NG,JAS,164,NG
1966-01-15,1966-07-29,NG,JAS,1062,NG
1966-01-15,1966-07-29,NG,JAS,335,NG
1966-01-15,1966-07-29,NG,JAS,328,"NE,"
1966-01-15,1966-07-29,NG,JAS,465,"NE,"
1966-01-15,1966-07-29,NG,JAS,276,"NE,"
1966-01-15,1966-07-29,NG,JAS,428,"NE,"
1966-01-15,1966-07-29,NG,JAS,464,"NE,"
1966-01-15,1966-07-29,NG,JAS,222,"TD,,"
1966-08-26,1989-05-05,ZA,SWAPO,361,ZA
1967-04-30,1975-04-17,KH,KR,404,"KH,"
1967-04-30,1975-04-17,KH,KR,174,KH
1967-04-30,1975-04-17,KH,KR,40,KH
1967-04-30,1975-04-17,KH,KR,118,KH
1967-04-30,1975-04-17,KH,KR,274,KH
1967-04-30,1975-04-17,KH,KR,464,KH
1967-04-30,1975-04-17,KH,KR,694,KH
1967-04-30,1975-04-17,KH,KR,788,KH
1967-04-30,1975-04-17,KH,KR,117,KH
1967-04-30,1975-04-17,KH,KR,127,"KH,"
1967-04-30,1975-04-17,KH,KPNLF,271,KH
1967-04-30,1975-04-17,KH,KPNLF,100,KH
1967-04-30,1975-04-17,KH,KPNLF,30,KH
1967-04-30,1975-04-17,KH,FUNCINPEC,143,KH
1967-04-30,1975-04-17,KH,FUNCINPEC,150,KH
2000-09-01,2001-07-19,GN,RFDG,217,GN
2000-09-01,2001-07-19,GN,RFDG,432,"GN,,"
1970-08-20,1990-08-02,PH,MNLF,115,PH
1970-08-20,1990-08-02,PH,MNLF,64,PH
1970-08-20,1990-08-02,PH,MNLF,124,PH
1970-08-20,1990-08-02,PH,MILF,77,PH
1970-08-20,1990-08-02,PH,MILF,104,PH
1970-08-20,1990-08-02,PH,MILF,135,PH
1970-08-20,1990-08-02,PH,MILF,201,PH
1970-08-20,1990-08-02,PH,MILF,38,PH
1970-08-20,1990-08-02,PH,MILF,106,PH
1970-08-20,1990-08-02,PH,MILF,1055,PH
1970-08-20,1990-08-02,PH,MILF,129,PH
1970-08-20,1990-08-02,PH,MILF,129,PH
1970-08-20,1990-08-02,PH,MILF,692,PH
1970-08-20,1990-08-02,PH,MILF,30,PH
1970-08-20,1990-08-02,PH,MILF,39,PH
1970-08-20,1990-08-02,PH,MILF,49,PH
1970-08-20,1990-08-02,PH,MILF,297,PH
1970-08-20,1990-08-02,PH,MILF,318,PH
1970-08-20,1990-08-02,PH,MILF,83,PH
1970-08-20,1990-08-02,PH,MILF,65,PH
1970-08-20,1990-08-02,PH,ASG,30,PH
1970-08-20,1990-08-02,PH,ASG,92,PH
1970-08-20,1990-08-02,PH,ASG,116,PH
1970-08-20,1990-08-02,PH,ASG,45,PH
1970-08-20,1990-08-02,PH,ASG,69,PH
1970-08-20,1990-08-02,PH,ASG,55,PH
1970-08-20,1990-08-02,PH,ASG,372,PH
1970-08-20,1990-08-02,PH,ASG,531,PH
1970-08-20,1990-08-02,PH,ASG,253,PH
1970-08-20,1990-08-02,PH,ASG,128,PH
1970-08-20,1990-08-02,PH,ASG,39,PH
1970-08-20,1990-08-02,PH,ASG,165,PH
1970-08-20,1990-08-02,PH,ASG,50,PH
1970-08-20,1990-08-02,PH,ASG,233,PH
1970-08-20,1990-08-02,PH,ASG,199,PH
1970-08-20,1990-08-02,PH,ASG,74,PH
1970-08-20,1990-08-02,PH,ASG,63,PH
1970-08-20,1990-08-02,PH,ASG,78,PH
1970-08-20,1990-08-02,PH,ASG,48,PH
1970-08-20,1990-08-02,PH,ASG,142,PH
1970-08-20,1990-08-02,PH,ASG,161,PH
1970-08-20,1990-08-02,PH,ASG,145,PH
1970-08-20,1990-08-02,PH,ASG,84,"MY,"
1970-08-20,1990-08-02,PH,ASG,56,PH
1970-08-20,1990-08-02,PH,ASG,35,PH
1970-08-20,1990-08-02,PH,ASG,108,PH
1970-08-20,1990-08-02,PH,MNLF - NM,199,PH
1970-08-20,1990-08-02,PH,MNLF - NM,32,PH
1970-08-20,1990-08-02,PH,MNLF - NM,239,PH
1970-08-20,1990-08-02,PH,MNLF - HM,25,PH
1971-07-22,1971-07-22,SD,SPLM/A,4253,"SD,"
1971-07-22,1971-07-22,SD,SPLM/A,4335,"SD,"
1971-07-22,1971-07-22,SD,SPLM/A,1317,"SD,"
1971-07-22,1971-07-22,SD,SPLM/A,1083,SD
1971-07-22,1971-07-22,SD,SPLM/A,942,SD
1971-07-22,1971-07-22,SD,SPLM/A,337,SD
1971-07-22,1971-07-22,SD,SPLM/A,1000,SD
1971-07-22,1971-07-22,SD,SPLM/A,2152,SD
1971-07-22,1971-07-22,SD,SPLM/A,3005,SD
1971-07-22,1971-07-22,SD,SPLM/A,4211,SD
1971-07-22,1971-07-22,SD,SPLM/A,1000,SD
1971-07-22,1971-07-22,SD,SPLM/A,1930,SD
1971-07-22,1971-07-22,SD,SPLM/A,3357,SD
1971-07-22,1971-07-22,SD,SPLM/A,2021,SD
1971-07-22,1971-07-22,SD,SPLM/A,44,SD
1971-07-22,1971-07-22,SD,SPLM/A,253,SD
1971-07-22,1971-07-22,SD,NDA,137,SD
1971-07-22,1971-07-22,SD,NDA,704,SD
1971-07-22,1971-07-22,SD,NDA,680,SD
1971-07-22,1971-07-22,SD,NDA,408,SD
1971-07-22,1971-07-22,SD,NDA,911,SD
1971-07-22,1971-07-22,SD,NDA,51,SD
1971-07-22,1971-07-22,SD,JEM,900,SD
1971-07-22,1971-07-22,SD,JEM,37,SD
1971-07-22,1971-07-22,SD,JEM,131,SD
1971-07-22,1971-07-22,SD,JEM,422,SD
1971-07-22,1971-07-22,SD,JEM,304,"TD,"
1971-07-22,1971-07-22,SD,JEM,717,SD
1971-07-22,1971-07-22,SD,JEM,63,SD
1971-07-22,1971-07-22,SD,SLM/A,1055,SD
1971-07-22,1971-07-22,SD,SLM/A,2988,"TD,"
1971-07-22,1971-07-22,SD,SLM/A,161,SD
1971-07-22,1971-07-22,SD,SLM/A,58,SD
1971-07-22,1971-07-22,SD,SLM/A,140,SD
1971-07-22,1971-07-22,SD,SLM/A,49,SD
1971-07-22,1971-07-22,SD,SLM/A,203,SD
1971-07-22,1971-07-22,SD,SLM/A,127,SD
1971-07-22,1971-07-22,SD,SLM/A,50,SD
1971-07-22,1971-07-22,SD,SLM/A,243,SD
1971-07-22,1971-07-22,SD,SLM/A,45,SD
1971-07-22,1971-07-22,SD,SLM/A,31,SD
1971-07-22,1971-07-22,SD,SLM/A,47,SD
1971-07-22,1971-07-22,SD,NRF,810,SD
1971-07-22,1971-07-22,SD,SLM/A - MM,134,SD
1971-07-22,1971-07-22,SD,SLFA,86,SD
1971-07-22,1971-07-22,SD,SLFA,36,SD
1971-07-22,1971-07-22,SD,SSDM/A,90,SD
1971-07-22,1971-07-22,SD,SSDM/A,492,SD
1971-04-05,1971-06-09,LK,JVP,388,LK
1971-04-05,1971-06-09,LK,JVP,61,LK
1971-01-25,1972-09-20,UG,UPA,453,UG
1971-01-25,1972-09-20,UG,UPA,544,UG
1971-01-25,1972-09-20,UG,UPA,37,UG
1971-01-25,1972-09-20,UG,UPA,72,UG
1971-01-25,1972-09-20,UG,LRA,566,UG
1971-01-25,1972-09-20,UG,LRA,77,UG
1971-01-25,1972-09-20,UG,LRA,816,UG
1971-01-25,1972-09-20,UG,LRA,149,UG
1971-01-25,1972-09-20,UG,LRA,295,"SD,"
1971-01-25,1972-09-20,UG,LRA,689,UG
1971-01-25,1972-09-20,UG,LRA,502,"SD,"
1971-01-25,1972-09-20,UG,LRA,551,UG
1971-01-25,1972-09-20,UG,LRA,164,UG
1971-01-25,1972-09-20,UG,LRA,110,"SD,"
1971-01-25,1972-09-20,UG,LRA,1010,"SD,"
1971-01-25,1972-09-20,UG,LRA,642,"SD,"
1971-01-25,1972-09-20,UG,LRA,1610,"SD,"
1971-01-25,1972-09-20,UG,LRA,695,"SD,"
1971-01-25,1972-09-20,UG,LRA,221,"CD,,"
1971-01-25,1972-09-20,UG,LRA,53,"CD,"
1971-01-25,1972-09-20,UG,LRA,238,"CF,,"
1971-01-25,1972-09-20,UG,LRA,51,"CF,,"
1971-01-25,1972-09-20,UG,LRA,64,"CF,,,"
1971-01-25,1972-09-20,UG,LRA,47,"CF,"
1971-01-25,1972-09-20,UG,LRA,29,"CF,"
1971-01-25,1972-09-20,UG,ADF,381,"CD,"
1971-01-25,1972-09-20,UG,ADF,351,UG
1971-01-25,1972-09-20,UG,ADF,284,"CD,"
1971-01-25,1972-09-20,UG,ADF,355,"CD,"
1971-01-25,1972-09-20,UG,ADF,224,"CD,"
1971-01-25,1972-09-20,UG,ADF,79,"CD,"
1971-01-25,1972-09-20,UG,ADF,76,"CD,"
1971-01-25,1972-09-20,UG,ADF,91,UG
1971-01-25,1972-09-20,UG,ADF,69,CD
1971-01-25,1972-09-20,UG,ADF,72,CD
1971-01-25,1972-09-20,UG,ADF,53,CD
1971-01-25,1972-09-20,UG,ADF,835,CD
1971-01-25,1972-09-20,UG,ADF,197,CD
1971-01-25,1972-09-20,UG,ADF,152,CD
1971-01-25,1972-09-20,UG,ADF,141,CD
1971-01-25,1972-09-20,UG,WNBF,198,UG
1971-01-25,1972-09-20,UG,UNRF II,35,UG
1970-08-11,1991-11-26,GB,PIRA,38,"DE,"
1970-08-11,1991-11-26,GB,PIRA,44,"DE,,"
1970-08-11,1991-11-26,GB,PIRA,26,GB
1970-08-11,1991-11-26,GB,RIRA,29,GB
1972-03-25,1972-03-25,SV,FMLN,4924,SV
1972-03-25,1972-03-25,SV,FMLN,849,SV
1972-03-25,1972-03-25,SV,FMLN,88,SV
1975-02-28,1991-12-31,BD,PCJSS,26,BD
1975-02-28,1991-12-31,BD,PCJSS,45,BD
1975-02-28,1991-12-31,BD,PCJSS,25,BD
1973-05-18,1977-07-05,PK,BLF,25,PK
1973-05-18,1977-07-05,PK,BLF,44,PK
1973-05-18,1977-07-05,PK,BLA,43,PK
1973-05-18,1977-07-05,PK,BLA,43,PK
1973-05-18,1977-07-05,PK,BLA,83,PK
1973-05-18,1977-07-05,PK,BLA,54,PK
1973-05-18,1977-07-05,PK,BLA,32,PK
1973-05-18,1977-07-05,PK,BLA,42,PK
1973-05-18,1977-07-05,PK,BLA,31,PK
1973-05-18,1977-07-05,PK,BLA,45,PK
1973-05-18,1977-07-05,PK,BLA,46,PK
1973-05-18,1977-07-05,PK,BLA,31,PK
1973-05-18,1977-07-05,PK,BLA,59,PK
1973-05-18,1977-07-05,PK,Baloch Ittehad,157,PK
1973-05-18,1977-07-05,PK,BRA,143,PK
1973-05-18,1977-07-05,PK,BRA,49,PK
1973-05-18,1977-07-05,PK,BRA,62,PK
1973-05-18,1977-07-05,PK,BRA,44,PK
1973-05-18,1977-07-05,PK,BRA,32,PK
1993-12-16,1997-06-30,ER,EIJM - AS,31,ER
1993-12-16,1997-06-30,ER,EIJM - AS,25,ER
1993-12-16,1997-06-30,ER,EIJM - AS,57,ER
1975-11-11,1995-12-24,AO,UNITA,2810,AO
1975-11-11,1995-12-24,AO,UNITA,2558,AO
1975-11-11,1995-12-24,AO,UNITA,491,AO
1975-11-11,1995-12-24,AO,UNITA,2321,AO
1975-11-11,1995-12-24,AO,UNITA,12054,AO
1975-11-11,1995-12-24,AO,UNITA,3925,"AO,"
1975-11-11,1995-12-24,AO,UNITA,162,AO
1975-11-11,1995-12-24,AO,UNITA,1041,AO
1975-11-11,1995-12-24,AO,UNITA,2273,"AO,"
1975-11-11,1995-12-24,AO,UNITA,1000,"AO,"
1975-11-11,1995-12-24,AO,UNITA,1123,AO
1975-11-11,1995-12-24,AO,UNITA,465,AO
1964-01-11,1964-12-31,ET,AIAI,36,ET
1964-01-11,1964-12-31,ET,AIAI,186,"ET,"
1964-01-11,1964-12-31,ET,AIAI,25,"ET,"
1964-01-11,1964-12-31,ET,ONLF,50,ET
1964-01-11,1964-12-31,ET,ONLF,25,ET
1964-01-11,1964-12-31,ET,ONLF,25,ET
1964-01-11,1964-12-31,ET,ONLF,25,"ET,"
1964-01-11,1964-12-31,ET,ONLF,25,ET
1964-01-11,1964-12-31,ET,ONLF,25,ET
1964-01-11,1964-12-31,ET,ONLF,25,ET
1964-01-11,1964-12-31,ET,ONLF,25,ET
1964-01-11,1964-12-31,ET,ONLF,25,"ET,"
1964-01-11,1964-12-31,ET,ONLF,58,ET
1964-01-11,1964-12-31,ET,ONLF,25,ET
1964-01-11,1964-12-31,ET,ONLF,152,ET
1964-01-11,1964-12-31,ET,ONLF,25,ET
1964-01-11,1964-12-31,ET,ONLF,473,ET
1964-01-11,1964-12-31,ET,ONLF,126,"ET,"
1964-01-11,1964-12-31,ET,ONLF,25,"ET,"
1964-01-11,1964-12-31,ET,ONLF,25,ET
1964-01-11,1964-12-31,ET,ONLF,52,ET
1964-01-11,1964-12-31,ET,ONLF,25,ET
1964-01-11,1964-12-31,ET,ONLF,25,ET
1964-01-11,1964-12-31,ET,ONLF,25,ET
1975-12-07,1988-12-31,ID,CNRT,39,ID
1975-12-07,1988-12-31,ID,CNRT,51,ID
1975-12-07,1988-12-31,ID,CNRT,30,ID
1975-12-07,1988-12-31,ID,CNRT,26,ID
1975-09-01,1989-11-16,MA,POLISARIO,207,MA
1977-12-31,1992-10-19,MZ,Renamo,1149,MZ
1977-12-31,1992-10-19,MZ,Renamo,1577,MZ
1977-12-31,1992-10-19,MZ,Renamo,1326,MZ
1977-12-31,1992-10-19,MZ,Renamo,309,MZ
1977-12-31,1992-10-19,MZ,Renamo,42,MZ
1977-12-31,1992-10-19,MZ,Renamo,30,MZ
1977-12-31,1992-10-19,MZ,Renamo,55,MZ
1979-07-09,1988-08-12,IN,ATTF,29,IN
1979-07-09,1988-08-12,IN,ATTF,32,IN
1979-07-09,1988-08-12,IN,NLFT,40,IN
1979-07-09,1988-08-12,IN,NLFT,32,IN
1979-07-09,1988-08-12,IN,NLFT,61,IN
1979-07-09,1988-08-12,IN,NLFT,32,IN
1979-07-09,1988-08-12,IN,NLFT,40,IN
1979-07-09,1988-08-12,IN,NLFT,32,IN
1974-12-27,1979-07-19,NI,Contras,526,NI
1974-12-27,1979-07-19,NI,Contras,39,NI
1982-01-18,1984-12-31,SO,SNM,350,"DJ,"
1982-01-18,1984-12-31,SO,SNM,1229,"DJ,"
1982-01-18,1984-12-31,SO,SNM,300,SO
1982-01-18,1984-12-31,SO,SPM,29,SO
1982-01-18,1984-12-31,SO,SPM,25,SO
1982-01-18,1984-12-31,SO,SPM,705,SO
1982-01-18,1984-12-31,SO,USC/SSA,1456,SO
1982-01-18,1984-12-31,SO,USC/SSA,3000,SO
1982-01-18,1984-12-31,SO,USC/SNA,4000,SO
1982-01-18,1984-12-31,SO,USC/SNA,1154,SO
1982-01-18,1984-12-31,SO,USC/SNA,25,SO
1982-01-18,1984-12-31,SO,USC/SNA,237,SO
1982-01-18,1984-12-31,SO,USC/SNA,104,SO
1982-01-18,1984-12-31,SO,USC/SNA,256,SO
1982-01-18,1984-12-31,SO,SRRC,228,SO
1982-01-18,1984-12-31,SO,SRRC,114,SO
1982-01-18,1984-12-31,SO,ARS/UIC,547,SO
1982-01-18,1984-12-31,SO,ARS/UIC,1546,"KE,"
1982-01-18,1984-12-31,SO,ARS/UIC,207,SO
1982-01-18,1984-12-31,SO,Al-Shabaab,1284,SO
1982-01-18,1984-12-31,SO,Al-Shabaab,1399,SO
1982-01-18,1984-12-31,SO,Al-Shabaab,2068,SO
1982-01-18,1984-12-31,SO,Al-Shabaab,1938,"KE,"
1982-01-18,1984-12-31,SO,Al-Shabaab,2646,"KE,"
1982-01-18,1984-12-31,SO,Al-Shabaab,940,"ET,,"
1982-01-18,1984-12-31,SO,Al-Shabaab,1153,"ET,,"
1982-01-18,1984-12-31,SO,Al-Shabaab,1206,"KE,"
1982-01-18,1984-12-31,SO,Al-Shabaab,1933,SO
1982-01-18,1984-12-31,SO,Al-Shabaab,1918,SO
1982-01-18,1984-12-31,SO,Al-Shabaab,2083,SO
1982-01-18,1984-12-31,SO,Al-Shabaab,1910,SO
1982-01-18,1984-12-31,SO,Al-Shabaab,1901,SO
1982-01-18,1984-12-31,SO,Al-Shabaab,2119,"ET,"
1982-01-18,1984-12-31,SO,Al-Shabaab,3034,"ET,"
1982-01-18,1984-12-31,SO,Al-Shabaab,3859,"ET,,"
1982-01-18,1984-12-31,SO,Al-Shabaab,2193,"KE,"
1982-01-18,1984-12-31,SO,Hizbul Islam,68,SO
1982-01-18,1984-12-31,SO,Hizbul Islam,82,SO
1972-08-13,1982-12-31,IR,MEK,45,"IR,"
1972-08-13,1982-12-31,IR,MEK,76,"IR,,,"
1972-08-13,1982-12-31,IR,MEK,38,"IR,"
1972-08-13,1982-12-31,IR,MEK,28,"IR,"
1972-08-13,1982-12-31,IR,MEK,40,"IR,"
1972-08-13,1982-12-31,IR,MEK,119,"IR,"
1972-08-13,1982-12-31,IR,PJAK,28,IR
1972-08-13,1982-12-31,IR,PJAK,31,"IR,"
1972-08-13,1982-12-31,IR,PJAK,61,"IR,"
1972-08-13,1982-12-31,IR,PJAK,42,"IR,"
1972-08-13,1982-12-31,IR,PJAK,67,IR
1972-08-13,1982-12-31,IR,PJAK,242,"IR,"
1972-08-13,1982-12-31,IR,PJAK,28,"IR,"
1972-08-13,1982-12-31,IR,PJAK,35,"IR,"
1972-08-13,1982-12-31,IR,PJAK,30,"IR,"
1972-08-13,1982-12-31,IR,Jondullah,26,IR
1972-08-13,1982-12-31,IR,Jondullah,25,IR
1972-08-13,1982-12-31,IR,Jondullah,79,"IR,"
1972-08-13,1982-12-31,IR,Jondullah,66,IR
1972-08-13,1982-12-31,IR,Jondullah,74,IR
1980-04-12,1980-04-14,LR,NPFL,27,LR
1980-04-12,1980-04-14,LR,NPFL,236,"CI,"
1980-04-12,1980-04-14,LR,INPFL,111,LR
1980-04-12,1980-04-14,LR,LURD,57,LR
1980-04-12,1980-04-14,LR,LURD,341,LR
1980-04-12,1980-04-14,LR,LURD,492,LR
1980-04-12,1980-04-14,LR,LURD,1711,LR
1980-04-12,1980-04-14,LR,MODEL,76,LR
1968-06-07,1982-12-29,ES,ETA,45,ES
1979-04-26,1988-12-31,IN,PLA,25,IN
1979-04-26,1988-12-31,IN,PLA,28,IN
1979-04-26,1988-12-31,IN,PLA,25,IN
1979-04-26,1988-12-31,IN,PLA,29,IN
1979-04-26,1988-12-31,IN,PLA,26,IN
1979-04-26,1988-12-31,IN,PLA,42,IN
1979-04-26,1988-12-31,IN,UNLF,25,IN
1979-04-26,1988-12-31,IN,UNLF,25,IN
1979-04-26,1988-12-31,IN,UNLF,31,IN
1979-04-26,1988-12-31,IN,UNLF,31,IN
1979-04-26,1988-12-31,IN,UNLF,27,IN
1979-04-26,1988-12-31,IN,UNLF,34,IN
1979-04-26,1988-12-31,IN,UNLF,47,IN
1979-04-26,1988-12-31,IN,UNLF,31,IN
1979-04-26,1988-12-31,IN,UNLF,45,IN
1979-04-26,1988-12-31,IN,UNLF,29,IN
1979-04-26,1988-12-31,IN,KCP,63,IN
1979-04-26,1988-12-31,IN,KCP,29,IN
1979-04-26,1988-12-31,IN,PREPAK,36,IN
1979-04-26,1988-12-31,IN,PREPAK,38,IN
1981-09-20,1993-12-24,IN,Sikh insurgents,905,IN
1981-09-20,1993-12-24,IN,Sikh insurgents,1839,IN
1981-09-20,1993-12-24,IN,Sikh insurgents,2673,IN
1981-09-20,1993-12-24,IN,Sikh insurgents,2390,IN
1981-09-20,1993-12-24,IN,Sikh insurgents,358,IN
1975-07-27,2001-12-12,LK,LTTE,34,LK
1975-07-27,2001-12-12,LK,LTTE,3561,LK
1975-07-27,2001-12-12,LK,LTTE,6432,LK
1975-07-27,2001-12-12,LK,LTTE,4091,LK
1975-07-27,2001-12-12,LK,LTTE,2075,LK
1975-07-27,2001-12-12,LK,LTTE,657,LK
1975-07-27,2001-12-12,LK,LTTE,4755,LK
1975-07-27,2001-12-12,LK,LTTE,3868,"FR,"
1975-07-27,2001-12-12,LK,LTTE,2880,LK
1975-07-27,2001-12-12,LK,LTTE,3762,LK
1975-07-27,2001-12-12,LK,LTTE,1882,LK
1975-07-27,2001-12-12,LK,LTTE,2525,LK
1975-07-27,2001-12-12,LK,LTTE,1144,LK
1975-07-27,2001-12-12,LK,LTTE,29,LK
1975-07-27,2001-12-12,LK,LTTE,88,LK
1975-07-27,2001-12-12,LK,LTTE,1970,LK
1975-07-27,2001-12-12,LK,LTTE,2494,LK
1975-07-27,2001-12-12,LK,LTTE,8262,LK
1975-07-27,2001-12-12,LK,LTTE,10165,LK
1975-07-27,2001-12-12,LK,EPRLF,111,LK
1983-05-01,2013-03-12,TR,PKK,442,TR
1983-05-01,2013-03-12,TR,PKK,526,TR
1983-05-01,2013-03-12,TR,PKK,368,"IQ,"
1983-05-01,2013-03-12,TR,PKK,1659,"IQ,"
1983-05-01,2013-03-12,TR,PKK,2304,"IQ,"
1983-05-01,2013-03-12,TR,PKK,4159,"IQ,"
1983-05-01,2013-03-12,TR,PKK,3725,"IQ,"
1983-05-01,2013-03-12,TR,PKK,3962,"IQ,"
1983-05-01,2013-03-12,TR,PKK,3866,"IQ,"
1983-05-01,2013-03-12,TR,PKK,2073,"IQ,"
1983-05-01,2013-03-12,TR,PKK,1360,"IQ,"
1983-05-01,2013-03-12,TR,PKK,176,"IQ,"
1983-05-01,2013-03-12,TR,PKK,132,"IQ,"
1983-05-01,2013-03-12,TR,PKK,54,"IQ,"
1983-05-01,2013-03-12,TR,PKK,82,"IQ,"
1983-05-01,2013-03-12,TR,PKK,195,"IQ,"
1983-05-01,2013-03-12,TR,PKK,263,TR
1983-05-01,2013-03-12,TR,PKK,225,TR
1983-05-01,2013-03-12,TR,PKK,499,"IQ,"
1983-05-01,2013-03-12,TR,PKK,588,"IQ,"
1983-05-01,2013-03-12,TR,PKK,147,"IQ,"
1983-05-01,2013-03-12,TR,PKK,355,"IQ,"
1983-05-01,2013-03-12,TR,PKK,558,"IQ,"
1983-05-01,2013-03-12,TR,PKK,853,"IQ,"
1983-05-01,2013-03-12,TR,PKK,31,"IQ,"
1983-05-01,2013-03-12,TR,PKK,907,"IQ,"
1983-05-01,2013-03-12,TR,PKK,1066,"IQ,"
1983-05-01,2013-03-12,TR,PKK,731,"IQ,,"
1983-05-01,2013-03-12,TR,PKK,921,"IR,,"
1983-05-01,2013-03-12,TR,PKK,590,"IQ,"
1983-05-01,2013-03-12,TR,PKK,412,"IQ,"
1983-05-01,2013-03-12,TR,PKK,475,"IQ,,"
1983-05-01,2013-03-12,TR,PKK,748,"IQ,"
1983-05-01,2013-03-12,TR,PKK,372,"IQ,"
1983-05-01,2013-03-12,TR,PKK,209,"IQ,"
1989-11-27,1989-11-29,KM,Presidential guard,29,KM
1975-06-30,1976-12-31,ET,ARDUF,25,ET
1983-12-31,1990-11-30,IN,ULFA,30,IN
1983-12-31,1990-11-30,IN,ULFA,25,IN
1983-12-31,1990-11-30,IN,ULFA,29,IN
1983-12-31,1990-11-30,IN,ULFA,48,IN
1983-12-31,1990-11-30,IN,ULFA,112,IN
1983-12-31,1990-11-30,IN,ULFA,55,IN
1983-12-31,1990-11-30,IN,ULFA,53,IN
1983-12-31,1990-11-30,IN,ULFA,87,IN
1983-12-31,1990-11-30,IN,ULFA,113,IN
1983-12-31,1990-11-30,IN,ULFA,59,IN
1983-12-31,1990-11-30,IN,ULFA,43,IN
1983-12-31,1990-11-30,IN,ULFA,70,IN
1983-12-31,1990-11-30,IN,ULFA,78,IN
1983-12-31,1990-11-30,IN,ULFA,49,IN
1983-12-31,1990-11-30,IN,ULFA,114,IN
1983-12-31,1990-11-30,IN,ULFA,75,IN
1983-12-31,1990-11-30,IN,ULFA,63,IN
1983-12-31,1990-11-30,IN,ULFA,32,IN
1989-05-02,1991-12-28,ID,GAM,72,ID
1989-05-02,1991-12-28,ID,GAM,58,ID
1989-05-02,1991-12-28,ID,GAM,187,ID
1989-05-02,1991-12-28,ID,GAM,286,ID
1989-05-02,1991-12-28,ID,GAM,278,ID
1989-05-02,1991-12-28,ID,GAM,466,ID
1989-05-02,1991-12-28,ID,GAM,868,ID
1989-05-02,1991-12-28,ID,GAM,935,ID
1989-05-02,1991-12-28,ID,GAM,213,ID
1989-10-03,1989-10-03,PA,Military faction (forces of Mois√©s Giroldi) ,77,PA
1989-12-16,1989-12-23,PA,US,843,PA
1989-04-06,1990-10-01,PG,BRA,55,PG
1989-04-06,1990-10-01,PG,BRA,35,"PG,"
1989-04-06,1990-10-01,PG,BRA,34,PG
1989-04-06,1990-10-01,PG,BRA,26,PG
1989-04-06,1990-10-01,PG,BRA,29,PG
1989-04-06,1990-10-01,PG,BRA,78,PG
1989-12-17,1989-12-29,RO,NSF,196,RO
1990-08-02,1991-03-01,IQ,KW,1058,KW
1990-08-02,1991-03-01,IQ,KW,21790,"IQ,,,"
1990-06-28,1991-11-09,ML,MPA,457,ML
1990-06-28,1991-11-09,ML,FIAA,106,ML
1990-06-28,1991-11-09,ML,ATNMC,39,ML
1990-06-28,1991-11-09,ML,ATNMC,112,ML
1990-06-28,1991-11-09,ML,ATNMC,39,ML
1994-01-19,1994-09-26,NE,CRA,50,NE
1990-10-01,1994-07-04,RW,FPR,1126,RW
1990-10-01,1994-07-04,RW,FPR,153,RW
1990-10-01,1994-07-04,RW,FPR,87,RW
1990-10-01,1994-07-04,RW,FPR,353,RW
1990-10-01,1994-07-04,RW,FPR,1882,RW
1990-10-01,1994-07-04,RW,ALiR,124,RW
1990-10-01,1994-07-04,RW,ALiR,1086,"CD,"
1990-10-01,1994-07-04,RW,ALiR,1096,"CD,"
1990-10-01,1994-07-04,RW,ALiR,315,CD
1990-10-01,1994-07-04,RW,ALiR,155,CD
1988-12-31,1990-12-31,SN,MFDC,58,SN
1988-12-31,1990-12-31,SN,MFDC,78,"GW,"
1988-12-31,1990-12-31,SN,MFDC,233,SN
1988-12-31,1990-12-31,SN,MFDC,299,SN
1988-12-31,1990-12-31,SN,MFDC,319,SN
1988-12-31,1990-12-31,SN,MFDC,242,SN
1988-12-31,1990-12-31,SN,MFDC,47,"GW,"
1988-12-31,1990-12-31,SN,MFDC,33,SN
1988-12-31,1990-12-31,SN,MFDC,39,SN
1988-12-31,1990-12-31,SN,MFDC,25,SN
1990-01-19,1991-12-21,RU,Republic of Armenia,49,RU
1990-01-19,1991-12-21,RU,Republic of Armenia,220,RU
1990-01-20,1990-01-27,RU,APF,143,RU
1990-07-27,1990-08-02,TT,Jamaat al-Muslimeen,39,TT
1991-11-12,1994-03-04,DJ,FRUD,60,DJ
1991-11-12,1994-03-04,DJ,FRUD,129,DJ
1991-11-12,1994-03-04,DJ,FRUD,33,DJ
1991-11-12,1994-03-04,DJ,FRUD,39,DJ
1991-11-12,1994-03-04,DJ,FRUD-C,25,DJ
1991-12-22,1993-11-16,GE,National Guard and Mkhedrioni,52,GE
1991-12-22,1993-11-16,GE,Zviadists,71,GE
1991-12-22,1993-11-16,GE,Zviadists,152,GE
1989-04-03,1989-04-08,HT,Military faction (forces of Himmler Rebu and Guy Francois) ,48,HT
1989-04-03,1989-04-08,HT,Military faction (forces of Raol C√©dras) ,160,HT
1989-04-03,1989-04-08,HT,FLRN,146,HT
1989-04-03,1989-04-08,HT,OP Lavalas,61,HT
1991-03-23,2001-12-20,SL,RUF,552,SL
1991-03-23,2001-12-20,SL,RUF,218,SL
1991-03-23,2001-12-20,SL,RUF,415,"LR,"
1991-03-23,2001-12-20,SL,RUF,628,SL
1991-03-23,2001-12-20,SL,RUF,1472,SL
1991-03-23,2001-12-20,SL,RUF,570,SL
1991-03-23,2001-12-20,SL,RUF,47,SL
1991-03-23,2001-12-20,SL,RUF,802,SL
1991-03-23,2001-12-20,SL,RUF,457,SL
1991-03-23,2001-12-20,SL,RUF,355,SL
1991-03-23,2001-12-20,SL,RUF,48,SL
1991-03-23,2001-12-20,SL,AFRC,40,SL
1991-03-23,2001-12-20,SL,AFRC,2103,SL
1991-03-23,2001-12-20,SL,AFRC,2696,SL
1991-03-23,2001-12-20,SL,Kamajors,661,SL
1991-03-23,2001-12-20,SL,Kamajors,382,SL
1991-03-23,2001-12-20,SL,WSB,27,SL
1987-12-31,1993-11-27,TR,DHKP-C,39,TR
1987-12-31,1993-11-27,TR,DHKP-C,71,TR
1987-12-31,1993-11-27,TR,DHKP-C,32,TR
1987-12-31,1993-11-27,TR,MKP,30,TR
1991-06-27,1991-07-03,RS,Republic of Slovenia,64,RS
1991-07-09,1992-04-06,RS,Croatian irregulars,25,RS
1991-07-09,1992-04-06,RS,Republic of Croatia,2933,RS
1991-07-09,1992-04-06,RS,Republic of Croatia,153,RS
1985-08-27,2018-11-19,DZ,Takfir wa'l Hijra,34,DZ
1985-08-27,2018-11-19,DZ,AIS,257,DZ
1985-08-27,2018-11-19,DZ,AIS,775,DZ
1985-08-27,2018-11-19,DZ,AIS,1346,DZ
1985-08-27,2018-11-19,DZ,AIS,25,DZ
1985-08-27,2018-11-19,DZ,AIS,25,DZ
1985-08-27,2018-11-19,DZ,AIS,40,DZ
1985-08-27,2018-11-19,DZ,GIA,25,DZ
1985-08-27,2018-11-19,DZ,GIA,570,DZ
1985-08-27,2018-11-19,DZ,GIA,2983,DZ
1985-08-27,2018-11-19,DZ,GIA,1059,DZ
1985-08-27,2018-11-19,DZ,GIA,1363,DZ
1985-08-27,2018-11-19,DZ,GIA,3029,DZ
1985-08-27,2018-11-19,DZ,GIA,965,DZ
1985-08-27,2018-11-19,DZ,GIA,26,DZ
1985-08-27,2018-11-19,DZ,GIA,136,DZ
1985-08-27,2018-11-19,DZ,GIA,35,DZ
1985-08-27,2018-11-19,DZ,GIA,25,DZ
1985-08-27,2018-11-19,DZ,AQIM,66,DZ
1985-08-27,2018-11-19,DZ,AQIM,921,DZ
1985-08-27,2018-11-19,DZ,AQIM,506,DZ
1985-08-27,2018-11-19,DZ,AQIM,504,DZ
1985-08-27,2018-11-19,DZ,AQIM,645,DZ
1985-08-27,2018-11-19,DZ,AQIM,451,"DZ,,"
1985-08-27,2018-11-19,DZ,AQIM,229,"DZ,"
1985-08-27,2018-11-19,DZ,AQIM,255,DZ
1985-08-27,2018-11-19,DZ,AQIM,472,DZ
1985-08-27,2018-11-19,DZ,AQIM,339,DZ
1985-08-27,2018-11-19,DZ,AQIM,505,DZ
1985-08-27,2018-11-19,DZ,AQIM,236,DZ
1985-08-27,2018-11-19,DZ,AQIM,267,DZ
1985-08-27,2018-11-19,DZ,AQIM,231,DZ
1985-08-27,2018-11-19,DZ,AQIM,147,DZ
1985-08-27,2018-11-19,DZ,AQIM,107,DZ
1985-08-27,2018-11-19,DZ,AQIM,84,DZ
1985-08-27,2018-11-19,DZ,AQIM,86,DZ
1985-08-27,2018-11-19,DZ,AQIM,60,DZ
1985-08-27,2018-11-19,DZ,AQIM,33,DZ
1985-08-27,2018-11-19,DZ,AQIM,26,DZ
1989-08-04,1992-12-31,AO,FLEC-R,25,AO
1989-08-04,1992-12-31,AO,FLEC-R,25,AO
1989-08-04,1992-12-31,AO,FLEC-R,25,AO
1989-08-04,1992-12-31,AO,FLEC-R,25,AO
1989-08-04,1992-12-31,AO,FLEC-FAC,25,AO
1989-08-04,1992-12-31,AO,FLEC-FAC,25,AO
1989-08-04,1992-12-31,AO,FLEC-FAC,25,AO
1989-08-04,1992-12-31,AO,FLEC-FAC,29,AO
1989-08-04,1992-12-31,AO,FLEC-FAC,26,AO
1989-08-04,1992-12-31,AO,FLEC-FAC,25,AO
1989-08-04,1992-12-31,AO,FLEC-FAC,31,AO
1989-08-04,1992-12-31,AO,FLEC-FAC,25,AO
1989-08-04,1992-12-31,AO,FLEC-FAC,25,AO
1989-08-04,1992-12-31,AO,FLEC-FAC,25,AO
1989-08-04,1992-12-31,AO,FLEC-FAC,25,AO
1991-12-29,1994-07-15,AZ,Republic of Artsakh,35,AZ
1991-12-29,1994-07-15,AZ,Republic of Artsakh,2167,"AM,"
1991-12-29,1994-07-15,AZ,Republic of Artsakh,1171,"AM,"
1991-12-29,1994-07-15,AZ,Republic of Artsakh,1507,"AM,"
1991-12-29,1994-07-15,AZ,Republic of Artsakh,29,AZ
1991-12-29,1994-07-15,AZ,Republic of Artsakh,34,AZ
1991-12-29,1994-07-15,AZ,Republic of Artsakh,25,"AM,"
1991-12-29,1994-07-15,AZ,Republic of Artsakh,30,AZ
1991-12-29,1994-07-15,AZ,Republic of Artsakh,25,"AM,"
1991-12-29,1994-07-15,AZ,Republic of Artsakh,46,AZ
1991-12-29,1994-07-15,AZ,Republic of Artsakh,72,"AM,"
1991-12-29,1994-07-15,AZ,Republic of Artsakh,141,"AM,"
1991-12-29,1994-07-15,AZ,Republic of Artsakh,36,AZ
1991-12-29,1994-07-15,AZ,Republic of Artsakh,7646,"AM,"
1991-12-29,1994-07-15,AZ,Republic of Artsakh,40,"AM,"
1991-12-29,1994-07-15,AZ,Republic of Artsakh,308,"AM,"
1991-12-29,1994-07-15,AZ,Republic of Artsakh,462,"AM,"
1992-04-05,1995-12-14,BA,Serbian irregulars,25,BA
1992-04-05,1995-12-14,BA,Serbian irregulars,25,BA
1992-04-05,1995-12-14,BA,Serbian irregulars,25,BA
1992-04-05,1995-12-14,BA,Serbian irregulars,25,BA
1992-04-05,1995-12-14,BA,Serbian Republic of Bosnia-Herzegovina,16777,"BA,,"
1992-04-05,1995-12-14,BA,Serbian Republic of Bosnia-Herzegovina,4955,BA
1992-04-05,1995-12-14,BA,Serbian Republic of Bosnia-Herzegovina,4848,BA
1992-04-05,1995-12-14,BA,Serbian Republic of Bosnia-Herzegovina,8036,BA
1992-04-23,1995-09-13,HR,Serbian irregulars,25,HR
1992-04-23,1995-09-13,HR,Serbian Republic of Krajina,4009,"BA,,"
1992-04-23,1995-09-13,HR,Serbian Republic of Krajina,418,"BA,"
1992-04-23,1995-09-13,HR,Serbian Republic of Krajina,86,BA
1992-04-23,1995-09-13,HR,Serbian Republic of Krajina,1132,"BA,"
1981-10-08,1998-11-02,EG,al-Gama'a al-Islamiyya,103,EG
1981-10-08,1998-11-02,EG,al-Gama'a al-Islamiyya,145,EG
1981-10-08,1998-11-02,EG,al-Gama'a al-Islamiyya,191,"EG,"
1981-10-08,1998-11-02,EG,al-Gama'a al-Islamiyya,85,EG
1981-10-08,1998-11-02,EG,al-Gama'a al-Islamiyya,66,EG
1981-10-08,1998-11-02,EG,al-Gama'a al-Islamiyya,27,EG
1992-08-14,1993-11-29,GE,Republic of Abkhazia,566,GE
1992-08-14,1993-11-29,GE,Republic of Abkhazia,1611,GE
1992-05-12,1992-08-14,GE,Republic of South Ossetia,134,GE
1992-05-12,1992-08-14,GE,Republic of South Ossetia,27,GE
1992-05-12,1992-08-14,GE,Republic of South Ossetia,621,GE
1992-03-01,1992-07-31,MD,PMR,585,MD
1992-05-05,1998-11-16,TJ,UTO,2936,TJ
1992-05-05,1998-11-16,TJ,UTO,1395,"AF,"
1992-05-05,1998-11-16,TJ,UTO,356,TJ
1992-05-05,1998-11-16,TJ,UTO,368,"AF,"
1992-05-05,1998-11-16,TJ,UTO,2790,TJ
1992-05-05,1998-11-16,TJ,UTO,83,TJ
1992-05-05,1998-11-16,TJ,Forces of Khudoberdiyev,87,TJ
1992-05-05,1998-11-16,TJ,Forces of Khudoberdiyev,517,TJ
1992-05-15,1993-06-15,AZ,Military faction (forces of Suret Husseinov),60,AZ
1992-05-15,1993-06-15,AZ,OPON Forces,44,AZ
1992-06-28,1995-07-28,BA,Autonomous Province of Western Bosnia,231,BA
1992-06-28,1995-07-28,BA,Autonomous Province of Western Bosnia,1385,BA
1992-06-28,1995-07-28,BA,Autonomous Province of Western Bosnia,488,"BA,"
1992-05-29,1994-03-16,BA,Croatian irregulars,25,BA
1992-05-29,1994-03-16,BA,Croatian irregulars,25,BA
1992-05-29,1994-03-16,BA,Croatian Republic of Bosnia-Herzegovina,80,BA
1992-05-29,1994-03-16,BA,Croatian Republic of Bosnia-Herzegovina,7924,BA
1992-05-29,1994-03-16,BA,Croatian Republic of Bosnia-Herzegovina,653,BA
1991-08-20,1993-10-05,RU,Parliamentary Forces,145,RU
1994-01-01,1994-02-23,MX,EZLN,145,MX
1994-01-01,1994-02-23,MX,EPR,37,MX
1994-05-27,1996-11-08,RU,Chechen Republic of Ichkeria,229,RU
1994-05-27,1996-11-08,RU,Chechen Republic of Ichkeria,1754,RU
1994-05-27,1996-11-08,RU,Chechen Republic of Ichkeria,2721,RU
1994-05-27,1996-11-08,RU,Chechen Republic of Ichkeria,5769,RU
1994-05-27,1996-11-08,RU,Chechen Republic of Ichkeria,2907,RU
1994-05-27,1996-11-08,RU,Chechen Republic of Ichkeria,791,RU
1994-05-27,1996-11-08,RU,Chechen Republic of Ichkeria,1289,"GE,"
1994-05-27,1996-11-08,RU,Chechen Republic of Ichkeria,480,RU
1994-05-27,1996-11-08,RU,Chechen Republic of Ichkeria,1151,"QA,"
1994-05-27,1996-11-08,RU,Chechen Republic of Ichkeria,682,RU
1994-05-27,1996-11-08,RU,Chechen Republic of Ichkeria,259,RU
1994-05-27,1996-11-08,RU,Chechen Republic of Ichkeria,146,RU
1994-02-21,1994-07-04,YE,Democratic Republic of Yemen,1489,YE
1995-01-26,1995-12-31,EC,PE,99,"EC,"
1990-02-11,1990-02-11,PK,MQM,70,PK
1990-02-11,1990-02-11,PK,MQM,38,PK
1990-02-11,1990-02-11,PK,MQM,52,PK
1990-02-11,1990-02-11,PK,MQM,42,PK
1990-02-11,1990-02-11,PK,TTP,585,PK
1990-02-11,1990-02-11,PK,TTP,2998,PK
1990-02-11,1990-02-11,PK,TTP,5968,PK
1990-02-11,1990-02-11,PK,TTP,5502,PK
1990-02-11,1990-02-11,PK,TTP,2598,"AF,"
1990-02-11,1990-02-11,PK,TTP,2309,PK
1990-02-11,1990-02-11,PK,TTP,1630,PK
1990-02-11,1990-02-11,PK,TTP,2616,PK
1990-02-11,1990-02-11,PK,TTP,1954,"AF,"
1990-02-11,1990-02-11,PK,TTP,526,"AF,"
1990-02-11,1990-02-11,PK,TTP,506,"AF,"
1990-02-11,1990-02-11,PK,TTP,147,"AF,"
1990-02-11,1990-02-11,PK,TTP,148,PK
1990-02-11,1990-02-11,PK,TTP,186,PK
1990-02-11,1990-02-11,PK,TTP,259,"AF,"
1990-02-11,1990-02-11,PK,TTP,494,"AF,"
1990-02-11,1990-02-11,PK,TTP,752,"AF,"
1990-02-11,1990-02-11,PK,TTP,1191,"AF,"
1994-02-18,1996-05-07,CM,NG,56,CM
1995-03-23,1995-07-10,NE,FDR,34,NE
1997-09-03,1997-09-05,KM,MPA/Republic of Anjouan,56,KM
1993-11-03,1993-12-27,CG,Ninjas,53,CG
1993-11-03,1993-12-27,CG,Ninjas,101,CG
1993-11-03,1993-12-27,CG,Cobras,10000,"CG,"
1993-11-03,1993-12-27,CG,Cocoyes,33,CG
1993-11-03,1993-12-27,CG,Cocoyes,155,CG
1993-11-03,1993-12-27,CG,Cocoyes,117,CG
1993-11-03,1993-12-27,CG,Ntsiloulous,3016,CG
1993-11-03,1993-12-27,CG,Ntsiloulous,509,CG
1993-11-03,1993-12-27,CG,Ntsiloulous,167,CG
1993-11-03,1993-12-27,CG,Ntsiloulous,73,CG
1998-05-06,2000-06-18,ER,ET,1000,"ER,"
1998-05-06,2000-06-18,ER,ET,47192,"ER,"
1998-05-06,2000-06-18,ER,ET,50000,"ER,"
1998-05-06,2000-06-18,ER,ET,25,ER
1998-06-07,1999-05-07,GW,Military Junta for the Consolidation of Democracy,505,GW
1998-06-07,1999-05-07,GW,Military Junta for the Consolidation of Democracy,199,GW
1998-09-03,1998-09-28,LS,Military faction (Lesotho),78,LS
1996-04-22,1999-11-21,RS,UCK,1235,RS
1996-04-22,1999-11-21,RS,UCK,1404,"AL,"
1974-08-31,1978-12-31,ET,OLF,25,ET
1974-08-31,1978-12-31,ET,OLF,80,ET
1974-08-31,1978-12-31,ET,OLF,700,ET
1974-08-31,1978-12-31,ET,OLF,165,ET
1974-08-31,1978-12-31,ET,OLF,25,ET
1974-08-31,1978-12-31,ET,OLF,25,ET
1974-08-31,1978-12-31,ET,OLF,25,ET
1974-08-31,1978-12-31,ET,OLF,683,"ET,"
1974-08-31,1978-12-31,ET,OLF,25,ET
1974-08-31,1978-12-31,ET,OLF,25,"ET,"
1974-08-31,1978-12-31,ET,OLF,25,ET
1974-08-31,1978-12-31,ET,OLF,25,ET
1974-08-31,1978-12-31,ET,OLF,25,ET
1974-08-31,1978-12-31,ET,OLF,25,ET
1974-08-31,1978-12-31,ET,OLF,25,ET
1974-08-31,1978-12-31,ET,OLF,25,ET
1974-08-31,1978-12-31,ET,OLF,25,ET
1974-08-31,1978-12-31,ET,OLF,42,ET
1974-08-31,1978-12-31,ET,OLF,25,ET
1974-08-31,1978-12-31,ET,OLF,25,ET
1974-08-31,1978-12-31,ET,OLF,25,ET
1974-08-31,1978-12-31,ET,OLF,25,ET
1974-08-31,1978-12-31,ET,OLF,25,"ET,"
1974-08-31,1978-12-31,ET,OLF,25,ET
1999-08-29,1999-09-09,RU,Wahhabi movement of the Buinaksk district,85,RU
1999-02-16,2000-10-01,UZ,IMU,67,"KG,,"
1999-02-16,2000-10-01,UZ,IMU,471,"KG,"
1999-02-16,2000-10-01,UZ,JIG,37,UZ
2001-05-27,2002-12-19,CF,Military faction (forces of Andr√© Kolingba),195,CF
2001-05-27,2002-12-19,CF,Forces of Francois Bozize,131,CF
2001-05-27,2002-12-19,CF,Seleka,46,CF
2001-05-27,2002-12-19,CF,Seleka,45,CF
2001-05-27,2002-12-19,CF,Seleka,114,CF
2001-05-27,2002-12-19,CF,CPJP,28,CF
2001-05-27,2002-12-19,CF,CPJP,25,CF
2001-05-27,2002-12-19,CF,CPJP,44,CF
2000-01-11,2001-08-17,MK,UCK,72,"MK,"
2000-10-12,2017-12-04,US,al-Qaida ,1583,"AF,,"
2000-10-12,2017-12-04,US,al-Qaida ,880,"AF,,"
2000-10-12,2017-12-04,US,al-Qaida ,65,"AF,,"
2000-10-12,2017-12-04,US,al-Qaida ,378,"AF,,"
2000-10-12,2017-12-04,US,al-Qaida ,108,"AF,,"
2000-10-12,2017-12-04,US,al-Qaida ,246,"AF,,"
2000-10-12,2017-12-04,US,al-Qaida ,186,"AF,,,"
2000-10-12,2017-12-04,US,al-Qaida ,291,"AF,,,"
2000-10-12,2017-12-04,US,al-Qaida ,493,"AF,,"
2000-10-12,2017-12-04,US,al-Qaida ,329,"AF,"
2000-10-12,2017-12-04,US,al-Qaida ,203,"AF,,"
2000-10-12,2017-12-04,US,al-Qaida ,225,"AF,,"
2000-10-12,2017-12-04,US,al-Qaida ,38,"AF,,"
2000-10-12,2017-12-04,US,al-Qaida ,138,"AF,,"
2000-10-12,2017-12-04,US,al-Qaida ,87,"AF,,"
2000-10-12,2017-12-04,US,al-Qaida ,117,"AF,"
2000-10-12,2017-12-04,US,al-Qaida ,111,"AF,,"
2000-10-12,2017-12-04,US,al-Qaida ,37,AF
2002-09-19,2004-11-09,CI,MPCI,580,CI
2002-09-19,2004-11-09,CI,MPIGO,81,CI
2002-09-19,2004-11-09,CI,MPIGO,96,CI
2002-09-19,2004-11-09,CI,MJP,44,CI
2002-09-19,2004-11-09,CI,FRCI,47,CI
2002-09-19,2004-11-09,CI,FRCI,48,CI
2003-03-20,2003-04-28,"AU, Government of United Kingdom, Government of United States of America",IQ,7927,IQ
1989-02-16,1990-12-31,IN,ABSU,72,IN
1989-02-16,1990-12-31,IN,ABSU,25,IN
1989-02-16,1990-12-31,IN,NDFB,36,IN
1989-02-16,1990-12-31,IN,NDFB,25,IN
1989-02-16,1990-12-31,IN,NDFB,34,"BT,"
1989-02-16,1990-12-31,IN,NDFB,31,IN
1989-02-16,1990-12-31,IN,NDFB,33,IN
1989-02-16,1990-12-31,IN,NDFB,77,IN
1989-02-16,1990-12-31,IN,NDFB,44,IN
1989-02-16,1990-12-31,IN,NDFB,109,IN
1989-02-16,1990-12-31,IN,NDFB,27,IN
1989-02-16,1990-12-31,IN,NDFB - RD,73,IN
1989-02-16,1990-12-31,IN,NDFB - RD,57,IN
1997-03-16,1997-07-15,MM,UWSA,130,MM
2003-12-22,2004-10-08,NG,Ahlul Sunnah Jamaa,84,NG
2004-06-04,2004-09-20,NG,NDPVF,67,NG
1986-09-30,2000-11-26,IL,Hezbollah,42,LB
1986-09-30,2000-11-26,IL,Hezbollah,28,LB
1986-09-30,2000-11-26,IL,Hezbollah,87,"AR,,"
1986-09-30,2000-11-26,IL,Hezbollah,124,"IL,"
1986-09-30,2000-11-26,IL,Hezbollah,82,LB
1986-09-30,2000-11-26,IL,Hezbollah,74,"IL,"
1986-09-30,2000-11-26,IL,Hezbollah,96,"IL,"
1986-09-30,2000-11-26,IL,Hezbollah,88,LB
1986-09-30,2000-11-26,IL,Hezbollah,54,LB
1986-09-30,2000-11-26,IL,Hezbollah,41,LB
1986-09-30,2000-11-26,IL,Hezbollah,27,"IL,"
1986-09-30,2000-11-26,IL,Hezbollah,1242,"IL,"
1986-09-30,2000-11-26,IL,Hezbollah,139,"IL,"
1986-09-30,2000-11-26,IL,Hezbollah,4362,"IL,,"
1998-07-02,2008-03-31,CD,BDK,116,CD
1998-07-02,2008-03-31,CD,BDK,250,CD
1998-07-02,2008-03-31,CD,BDK,86,CD
1998-07-02,2008-03-31,CD,BDK,64,CD
1991-10-25,1992-12-18,NE,FLAA,40,NE
1991-10-25,1992-12-18,NE,FLAA,29,NE
1991-10-25,1992-12-18,NE,UFRA,62,NE
1991-10-25,1992-12-18,NE,MNJ,81,NE
1991-10-25,1992-12-18,NE,MNJ,47,NE
2007-10-07,2015-10-21,RU,Forces of the Caucasus Emirate,30,RU
2007-10-07,2015-10-21,RU,Forces of the Caucasus Emirate,404,RU
2007-10-07,2015-10-21,RU,Forces of the Caucasus Emirate,697,RU
2007-10-07,2015-10-21,RU,Forces of the Caucasus Emirate,418,RU
2007-10-07,2015-10-21,RU,Forces of the Caucasus Emirate,359,"RU,"
2007-10-07,2015-10-21,RU,Forces of the Caucasus Emirate,516,RU
2007-10-07,2015-10-21,RU,Forces of the Caucasus Emirate,321,RU
2007-10-07,2015-10-21,RU,Forces of the Caucasus Emirate,173,RU
2007-10-07,2015-10-21,RU,Forces of the Caucasus Emirate,30,"RU,"
2000-06-20,2008-12-22,IN,PULF,25,IN
2008-06-10,2008-06-11,DJ,ER,35,DJ
2009-08-27,2009-12-31,MM,MNDAA,80,"CN,"
2009-08-27,2009-12-31,MM,MNDAA,67,MM
2009-08-27,2009-12-31,MM,MNDAA,309,"CN,"
2009-08-27,2009-12-31,MM,MNDAA,35,MM
2009-08-27,2009-12-31,MM,MNDAA,71,MM
2009-08-27,2009-12-31,MM,MNDAA,49,MM
2009-08-27,2009-12-31,MM,MNDAA,99,MM
1992-05-05,1998-11-16,TJ,IMU,66,TJ
1992-05-05,1998-11-16,TJ,IMU,28,TJ
2008-09-15,2010-09-18,MR,AQIM,29,"ML,"
